relative_path;has_direct_registrar_alteracao;instantiated_repositories;repos_mutating_without_log;repos_unknown_class
app/adms/Controllers/accessLevels/AccessLevelPageSync.php;0;;;
app/adms/Controllers/accessLevels/CreateAccessLevel.php;0;AccessLevelsRepository|LogsRepository;;
app/adms/Controllers/accessLevels/DeleteAccessLevel.php;0;AccessLevelsRepository|LogsRepository;;
app/adms/Controllers/accessLevels/ImportAccessLevels.php;0;AccessLevelsRepository;;
app/adms/Controllers/accessLevels/ListAccessLevels.php;0;AccessLevelsRepository|MenuPermissionUserRepository;;
app/adms/Controllers/accessLevels/UpdateAccessLevel.php;0;AccessLevelsRepository|LogsRepository;;
app/adms/Controllers/accessLevels/UpdateUserAccessLevels.php;0;UsersRepository|UsersAccessLevelsRepository|LogsRepository;UsersAccessLevelsRepository;
app/adms/Controllers/accessLevels/ViewAccessLevel.php;0;AccessLevelsRepository|LogsRepository;;
app/adms/Controllers/accountsPlan/CreateAccountPlan.php;0;AccountPlanRepository;;
app/adms/Controllers/accountsPlan/DeleteAccountPlan.php;0;AccountPlanRepository;;
app/adms/Controllers/accountsPlan/ListAccountsPlan.php;0;AccountPlanRepository;;
app/adms/Controllers/accountsPlan/UpdateAccountPlan.php;0;AccountPlanRepository;;
app/adms/Controllers/accountsPlan/ViewAccountPlan.php;0;AccountPlanRepository;;
app/adms/Controllers/analytics/PeopleAnalytics.php;0;UsersRepository|EmploymentHistoryRepository|DepartmentsRepository|PositionsRepository;EmploymentHistoryRepository;
app/adms/Controllers/analytics/PeopleReports.php;0;;;
app/adms/Controllers/banks/CreateBank.php;0;BanksRepository|LogsRepository;;
app/adms/Controllers/banks/DeleteBank.php;0;BanksRepository|LogsRepository;;
app/adms/Controllers/banks/ListBanks.php;0;BanksRepository|MenuPermissionUserRepository;;
app/adms/Controllers/banks/ListMovBetweenAccounts.php;0;MovBetweenAccountsRepository;MovBetweenAccountsRepository;
app/adms/Controllers/banks/MovBetweenAccounts.php;0;MovBetweenAccountsRepository;MovBetweenAccountsRepository;
app/adms/Controllers/banks/UpdateBank.php;0;BanksRepository|LogsRepository;;
app/adms/Controllers/banks/UpdateMovBetweenAccounts.php;0;MovBetweenAccountsRepository|LogsRepository;MovBetweenAccountsRepository;
app/adms/Controllers/banks/ViewBank.php;0;BanksRepository|LogsRepository;;
app/adms/Controllers/banks/ViewTransfer.php;0;MovBetweenAccountsRepository|LogsRepository;MovBetweenAccountsRepository;
app/adms/Controllers/branches/CreateBranch.php;0;BranchesRepository|LogsRepository;;
app/adms/Controllers/branches/DeleteBranch.php;0;BranchesRepository|LogsRepository;;
app/adms/Controllers/branches/ListBranches.php;0;BranchesRepository;;
app/adms/Controllers/branches/UpdateBranch.php;0;BranchesRepository|LogsRepository;;
app/adms/Controllers/branches/ViewBranch.php;0;BranchesRepository|LogsRepository;;
app/adms/Controllers/companyEvents/CompanyEventReport.php;0;CompanyEventsRepository|ButtonPermissionUserRepository;;
app/adms/Controllers/companyEvents/CompanyEventsMonth.php;0;CompanyEventsRepository;;
app/adms/Controllers/companyEvents/CompanyEventsSearchUsers.php;0;CompanyEventsRepository|ButtonPermissionUserRepository|UsersRepository;;
app/adms/Controllers/companyEvents/CreateCompanyEvent.php;0;DepartmentsRepository|CompanyEventsRepository;;
app/adms/Controllers/companyEvents/DeleteCompanyEvent.php;0;CompanyEventsRepository;;
app/adms/Controllers/companyEvents/EventRsvp.php;0;CompanyEventsRepository|ButtonPermissionUserRepository|UsersRepository;;
app/adms/Controllers/companyEvents/ListCompanyEvents.php;0;CompanyEventsRepository;;
app/adms/Controllers/companyEvents/UpdateCompanyEvent.php;0;CompanyEventsRepository|DepartmentsRepository;;
app/adms/Controllers/companyEvents/ViewCompanyEvent.php;0;CompanyEventsRepository|UsersRepository;;
app/adms/Controllers/costCenter/CreateCostCenter.php;0;CostCentersRepository;;
app/adms/Controllers/costCenter/DeleteCostCenter.php;0;CostCentersRepository;;
app/adms/Controllers/costCenter/ImportCostCenters.php;0;CostCentersRepository;;
app/adms/Controllers/costCenter/ListCostCenters.php;0;CostCentersRepository;;
app/adms/Controllers/costCenter/UpdateCostCenter.php;0;CostCentersRepository;;
app/adms/Controllers/costCenter/ViewCostCenter.php;0;CostCentersRepository;;
app/adms/Controllers/crm/CrmCompleteActivity.php;0;CrmActivitiesRepository;;
app/adms/Controllers/crm/CrmCreateActivity.php;0;CrmActivitiesRepository;;
app/adms/Controllers/crm/CrmCreateAutomation.php;0;CrmAutomationsRepository;;
app/adms/Controllers/crm/CrmCreateCustomField.php;0;CrmCustomFieldsRepository;;
app/adms/Controllers/crm/CrmCreateNote.php;0;CrmNotesRepository;;
app/adms/Controllers/crm/CrmCreateOpportunity.php;0;CrmOpportunitiesRepository|CrmPartnersRepository|CrmPipelineStagesRepository|CrmCustomFieldsRepository;;
app/adms/Controllers/crm/CrmCreatePartner.php;0;CrmPartnersRepository|DepartmentsRepository|CrmCustomFieldsRepository|CrmTagsRepository;;
app/adms/Controllers/crm/CrmCreateTag.php;0;CrmTagsRepository;;
app/adms/Controllers/crm/CrmDashboard.php;0;CrmPartnersRepository|CrmOpportunitiesRepository|CrmActivitiesRepository;;
app/adms/Controllers/crm/CrmDeleteActivity.php;0;CrmActivitiesRepository;;
app/adms/Controllers/crm/CrmDeleteAutomation.php;0;CrmAutomationsRepository;;
app/adms/Controllers/crm/CrmDeleteCustomField.php;0;CrmCustomFieldsRepository;;
app/adms/Controllers/crm/CrmDeleteDocument.php;0;CrmDocumentsRepository;;
app/adms/Controllers/crm/CrmDeleteNote.php;0;CrmNotesRepository;;
app/adms/Controllers/crm/CrmDeleteOpportunity.php;0;CrmOpportunitiesRepository;;
app/adms/Controllers/crm/CrmDeletePartner.php;0;CrmPartnersRepository;;
app/adms/Controllers/crm/CrmDeleteTag.php;0;CrmTagsRepository;;
app/adms/Controllers/crm/CrmDownloadDocument.php;0;CrmDocumentsRepository;;
app/adms/Controllers/crm/CrmDownloadTemplateOpportunities.php;0;;;
app/adms/Controllers/crm/CrmDownloadTemplatePartners.php;0;;;
app/adms/Controllers/crm/CrmExportOpportunities.php;0;CrmOpportunitiesRepository;;
app/adms/Controllers/crm/CrmExportPartners.php;0;CrmPartnersRepository;;
app/adms/Controllers/crm/CrmGenerateProposalPdf.php;0;CrmOpportunitiesRepository;;
app/adms/Controllers/crm/CrmImportOpportunities.php;0;CrmOpportunitiesRepository|CrmPartnersRepository;;
app/adms/Controllers/crm/CrmImportPartners.php;0;CrmPartnersRepository;;
app/adms/Controllers/crm/CrmKanbanPipeline.php;0;CrmPipelineStagesRepository|CrmOpportunitiesRepository|UsersRepository;;
app/adms/Controllers/crm/CrmListActivities.php;0;CrmActivitiesRepository|CrmPartnersRepository|CrmOpportunitiesRepository;;
app/adms/Controllers/crm/CrmListAutomations.php;0;CrmAutomationsRepository;;
app/adms/Controllers/crm/CrmListCustomFields.php;0;CrmCustomFieldsRepository;;
app/adms/Controllers/crm/CrmListOpportunities.php;0;CrmOpportunitiesRepository|CrmPipelineStagesRepository;;
app/adms/Controllers/crm/CrmListPartners.php;0;CrmPartnersRepository|CrmTagsRepository|DepartmentsRepository;;
app/adms/Controllers/crm/CrmListTags.php;0;CrmTagsRepository;;
app/adms/Controllers/crm/CrmManagerDashboard.php;0;CrmActivitiesRepository|CrmOpportunitiesRepository|UsersRepository;;
app/adms/Controllers/crm/CrmMoveOpportunity.php;0;CrmOpportunitiesRepository;;
app/adms/Controllers/crm/CrmReportConversion.php;0;CrmOpportunitiesRepository;;
app/adms/Controllers/crm/CrmReportPerformance.php;0;UsersRepository|CrmOpportunitiesRepository|CrmActivitiesRepository;;
app/adms/Controllers/crm/CrmReportPipeline.php;0;CrmOpportunitiesRepository|CrmPipelineStagesRepository;;
app/adms/Controllers/crm/CrmSendWhatsApp.php;0;;;
app/adms/Controllers/crm/CrmUpdateActivity.php;0;CrmActivitiesRepository;;
app/adms/Controllers/crm/CrmUpdateCustomField.php;0;CrmCustomFieldsRepository;;
app/adms/Controllers/crm/CrmUpdateOpportunity.php;0;CrmOpportunitiesRepository|CrmPartnersRepository|CrmPipelineStagesRepository|CrmCustomFieldsRepository;;
app/adms/Controllers/crm/CrmUpdatePartner.php;0;CrmPartnersRepository|DepartmentsRepository|CrmCustomFieldsRepository|CrmTagsRepository;;
app/adms/Controllers/crm/CrmUpdateTag.php;0;CrmTagsRepository;;
app/adms/Controllers/crm/CrmUploadDocument.php;0;CrmDocumentsRepository;;
app/adms/Controllers/crm/CrmViewActivity.php;0;CrmActivitiesRepository;;
app/adms/Controllers/crm/CrmViewAutomation.php;0;CrmAutomationsRepository;;
app/adms/Controllers/crm/CrmViewOpportunity.php;0;CrmOpportunitiesRepository|CrmActivitiesRepository|CrmNotesRepository|CrmDocumentsRepository|CrmCustomFieldsRepository;;
app/adms/Controllers/crm/CrmViewPartner.php;0;CrmPartnersRepository|CrmOpportunitiesRepository|CrmActivitiesRepository|CrmNotesRepository|CrmDocumentsRepository|CrmTagsRepository|CrmCustomFieldsRepository;;
app/adms/Controllers/customer/CreateCustomer.php;0;CustomerRepository;;
app/adms/Controllers/customer/DeleteCustomer.php;0;CustomerRepository;;
app/adms/Controllers/customer/ListCustomers.php;0;CustomerRepository;;
app/adms/Controllers/customer/UpdateCustomer.php;0;CustomerRepository;;
app/adms/Controllers/customer/ViewCustomer.php;0;CustomerRepository;;
app/adms/Controllers/dashboard/Dashboard.php;0;InformativosRepository|PoliciesRepository|NotificationsRepository|UsersRepository|GamificationQuizRepository|EmployeePayrollDocumentsRepository;InformativosRepository|NotificationsRepository|GamificationQuizRepository|EmployeePayrollDocumentsRepository;
app/adms/Controllers/dashboards/CreateDashboard.php;0;DynamicReportsRepository|SpreadsheetsRepository|DashboardsRepository;DynamicReportsRepository|SpreadsheetsRepository|DashboardsRepository;
app/adms/Controllers/dashboards/CreateKpiDashboard.php;0;KpiDashboardRepository|DynamicReportsRepository;KpiDashboardRepository|DynamicReportsRepository;
app/adms/Controllers/dashboards/DashboardDataSources.php;0;DashboardsRepository|DynamicReportsRepository;DashboardsRepository|DynamicReportsRepository;
app/adms/Controllers/dashboards/DeleteDashboard.php;0;DashboardsRepository;DashboardsRepository;
app/adms/Controllers/dashboards/DuplicateDashboard.php;0;DashboardsRepository;DashboardsRepository;
app/adms/Controllers/dashboards/EditDashboard.php;0;DashboardsRepository|DynamicReportsRepository;DashboardsRepository|DynamicReportsRepository;
app/adms/Controllers/dashboards/ExecuteDashboard.php;0;DashboardsRepository|SpreadsheetsRepository;DashboardsRepository|SpreadsheetsRepository;
app/adms/Controllers/dashboards/GetFilterOptions.php;0;DashboardsRepository|DynamicReportsRepository;DashboardsRepository|DynamicReportsRepository;
app/adms/Controllers/dashboards/GetKpiWidgetData.php;0;KpiDashboardRepository|DynamicReportsRepository;KpiDashboardRepository|DynamicReportsRepository;
app/adms/Controllers/dashboards/GetSpreadsheetFields.php;0;SpreadsheetsRepository;SpreadsheetsRepository;
app/adms/Controllers/dashboards/ListDashboards.php;0;DashboardsRepository;DashboardsRepository;
app/adms/Controllers/dashboards/ListKpiDashboards.php;0;KpiDashboardRepository;KpiDashboardRepository;
app/adms/Controllers/dashboards/UploadSpreadsheet.php;0;SpreadsheetsRepository;SpreadsheetsRepository;
app/adms/Controllers/dashboards/ViewDashboard.php;0;DashboardsRepository;DashboardsRepository;
app/adms/Controllers/dashboards/ViewKpiDashboard.php;0;KpiDashboardRepository;KpiDashboardRepository;
app/adms/Controllers/departments/CreateDepartment.php;0;DepartmentsRepository;;
app/adms/Controllers/departments/DeleteDepartment.php;0;DepartmentsRepository;;
app/adms/Controllers/departments/ImportDepartments.php;0;DepartmentsRepository;;
app/adms/Controllers/departments/ListDepartments.php;0;DepartmentsRepository|MenuPermissionUserRepository;;
app/adms/Controllers/departments/UpdateDepartments.php;0;DepartmentsRepository;;
app/adms/Controllers/departments/ViewDepartment.php;0;DepartmentsRepository;;
app/adms/Controllers/documents/CreateDocument.php;0;PackagesRepository|GroupsPagesRepository|DocumentsRepository;;
app/adms/Controllers/documents/DeleteDocument.php;0;DocumentsRepository;;
app/adms/Controllers/documents/ListDocumentPositions.php;0;DocumentsRepository|PositionsRepository|DocumentPositionsRepository;DocumentPositionsRepository;
app/adms/Controllers/documents/ListDocuments.php;0;DocumentsRepository;;
app/adms/Controllers/documents/UpdateDocument.php;0;DocumentsRepository|PackagesRepository|GroupsPagesRepository;;
app/adms/Controllers/documents/ViewDocument.php;0;DocumentsRepository;;
app/adms/Controllers/errors/Error403.php;0;;;
app/adms/Controllers/evaluations/AnswerEvaluation.php;0;EvaluationAssignmentsRepository|EvaluationQuestionsRepository|EvaluationAttemptsRepository|EvaluationAnswersRepository;EvaluationAssignmentsRepository|EvaluationQuestionsRepository|EvaluationAttemptsRepository|EvaluationAnswersRepository;
app/adms/Controllers/evaluations/AssignEvaluation.php;0;EvaluationModelsRepository|UsersRepository|EvaluationAssignmentsRepository;EvaluationModelsRepository|EvaluationAssignmentsRepository;
app/adms/Controllers/evaluations/CancelEvaluationAssignment.php;0;EvaluationAssignmentsRepository;EvaluationAssignmentsRepository;
app/adms/Controllers/evaluations/CreateEvaluationAnswer.php;0;UsersRepository|EvaluationModelsRepository|EvaluationQuestionsRepository|EvaluationAnswersRepository;EvaluationModelsRepository|EvaluationQuestionsRepository|EvaluationAnswersRepository;
app/adms/Controllers/evaluations/CreateEvaluationModel.php;0;EvaluationModelsRepository|TrainingsRepository;EvaluationModelsRepository;
app/adms/Controllers/evaluations/CreateEvaluationModelWithQuestions.php;0;TrainingsRepository|EvaluationModelsRepository|EvaluationQuestionsRepository;EvaluationModelsRepository|EvaluationQuestionsRepository;
app/adms/Controllers/evaluations/CreateEvaluationQuestion.php;0;EvaluationModelsRepository|EvaluationQuestionsRepository;EvaluationModelsRepository|EvaluationQuestionsRepository;
app/adms/Controllers/evaluations/DeleteEvaluationAnswer.php;0;EvaluationAnswersRepository;EvaluationAnswersRepository;
app/adms/Controllers/evaluations/DeleteEvaluationModel.php;0;EvaluationModelsRepository|EvaluationAssignmentsRepository;EvaluationModelsRepository|EvaluationAssignmentsRepository;
app/adms/Controllers/evaluations/DeleteEvaluationQuestion.php;0;EvaluationQuestionsRepository;EvaluationQuestionsRepository;
app/adms/Controllers/evaluations/EvaluationHistory.php;0;EvaluationAssignmentsRepository|EvaluationAttemptsRepository;EvaluationAssignmentsRepository|EvaluationAttemptsRepository;
app/adms/Controllers/evaluations/GetQuestionsByModel.php;0;EvaluationQuestionsRepository;EvaluationQuestionsRepository;
app/adms/Controllers/evaluations/ListEvaluationAnswers.php;0;EvaluationAnswersRepository|EvaluationModelsRepository|EvaluationQuestionsRepository;EvaluationAnswersRepository|EvaluationModelsRepository|EvaluationQuestionsRepository;
app/adms/Controllers/evaluations/ListEvaluationAssignments.php;0;EvaluationAssignmentsRepository|EvaluationModelsRepository;EvaluationAssignmentsRepository|EvaluationModelsRepository;
app/adms/Controllers/evaluations/ListEvaluationModels.php;0;EvaluationModelsRepository;EvaluationModelsRepository;
app/adms/Controllers/evaluations/ListEvaluationQuestions.php;0;EvaluationQuestionsRepository|EvaluationModelsRepository;EvaluationQuestionsRepository|EvaluationModelsRepository;
app/adms/Controllers/evaluations/MyEvaluations.php;0;EvaluationAssignmentsRepository;EvaluationAssignmentsRepository;
app/adms/Controllers/evaluations/PrintEvaluationBlank.php;0;EvaluationModelsRepository|EvaluationQuestionsRepository;EvaluationModelsRepository|EvaluationQuestionsRepository;
app/adms/Controllers/evaluations/PrintEvaluationResult.php;0;EvaluationAttemptsRepository|EvaluationAssignmentsRepository|EvaluationModelsRepository|EvaluationQuestionsRepository|UsersRepository;EvaluationAttemptsRepository|EvaluationAssignmentsRepository|EvaluationModelsRepository|EvaluationQuestionsRepository;
app/adms/Controllers/evaluations/UpdateEvaluationAnswer.php;0;EvaluationAnswersRepository|UsersRepository|EvaluationModelsRepository|EvaluationQuestionsRepository;EvaluationAnswersRepository|EvaluationModelsRepository|EvaluationQuestionsRepository;
app/adms/Controllers/evaluations/UpdateEvaluationModel.php;0;EvaluationModelsRepository|TrainingsRepository|EvaluationQuestionsRepository;EvaluationModelsRepository|EvaluationQuestionsRepository;
app/adms/Controllers/evaluations/UpdateEvaluationQuestion.php;0;EvaluationQuestionsRepository|EvaluationModelsRepository;EvaluationQuestionsRepository|EvaluationModelsRepository;
app/adms/Controllers/evaluations/ViewEvaluationAnswer.php;0;EvaluationAnswersRepository|UsersRepository|EvaluationQuestionsRepository|EvaluationModelsRepository;EvaluationAnswersRepository|EvaluationQuestionsRepository|EvaluationModelsRepository;
app/adms/Controllers/evaluations/ViewEvaluationModel.php;0;EvaluationModelsRepository|EvaluationQuestionsRepository|EvaluationAssignmentsRepository;EvaluationModelsRepository|EvaluationQuestionsRepository|EvaluationAssignmentsRepository;
app/adms/Controllers/evaluations/ViewEvaluationQuestion.php;0;EvaluationQuestionsRepository|EvaluationModelsRepository;EvaluationQuestionsRepository|EvaluationModelsRepository;
app/adms/Controllers/evaluations/ViewEvaluationResult.php;0;EvaluationAttemptsRepository|EvaluationQuestionsRepository;EvaluationAttemptsRepository|EvaluationQuestionsRepository;
app/adms/Controllers/financialReports/CashFlow.php;0;FinancialMovementsRepository;;
app/adms/Controllers/financialReports/CostCenterSummary.php;0;CostCenterSummaryRepository;;
app/adms/Controllers/financialReports/ExportPdfCashFlow.php;0;;;
app/adms/Controllers/financialReports/FlowCashCompetence.php;0;FlowCashCompetenceRepository;;
app/adms/Controllers/financialReports/Movements.php;0;FinancialMovementsRepository|BanksRepository|PaymentMethodsRepository;;
app/adms/Controllers/frequency/CreateFrequency.php;0;FrequencyRepository;;
app/adms/Controllers/frequency/DeleteFrequency.php;0;FrequencyRepository;;
app/adms/Controllers/frequency/ListFrequencies.php;0;FrequencyRepository;;
app/adms/Controllers/frequency/UpdateFrequency.php;0;FrequencyRepository;;
app/adms/Controllers/frequency/ViewFrequency.php;0;FrequencyRepository;;
app/adms/Controllers/gamification/CreateGamificationQuiz.php;0;GamificationQuizRepository;GamificationQuizRepository;
app/adms/Controllers/gamification/CreateGamificationQuizQuestion.php;0;GamificationQuizRepository;GamificationQuizRepository;
app/adms/Controllers/gamification/DeleteGamificationQuiz.php;0;GamificationQuizRepository;GamificationQuizRepository;
app/adms/Controllers/gamification/DeleteGamificationQuizQuestion.php;0;GamificationQuizRepository;GamificationQuizRepository;
app/adms/Controllers/gamification/GamificationEngagementDashboard.php;0;GamificationProgramRepository;GamificationProgramRepository;
app/adms/Controllers/gamification/GamificationLeaderboard.php;0;GamificationLedgerRepository|GamificationProgramRepository;GamificationLedgerRepository|GamificationProgramRepository;
app/adms/Controllers/gamification/GamificationQuizCatalog.php;0;ButtonPermissionUserRepository|GamificationQuizRepository;GamificationQuizRepository;
app/adms/Controllers/gamification/ListGamificationPointLedger.php;0;GamificationLedgerRepository;GamificationLedgerRepository;
app/adms/Controllers/gamification/ListGamificationQuizQuestions.php;0;GamificationQuizRepository;GamificationQuizRepository;
app/adms/Controllers/gamification/ListGamificationQuizzes.php;0;GamificationQuizRepository;GamificationQuizRepository;
app/adms/Controllers/gamification/ListGamificationTimelineRules.php;0;GamificationProgramRepository|GamificationTimelineRulesRepository|ButtonPermissionUserRepository;GamificationProgramRepository|GamificationTimelineRulesRepository;
app/adms/Controllers/gamification/SubmitGamificationQuizAttempt.php;0;ButtonPermissionUserRepository|GamificationQuizRepository;GamificationQuizRepository;
app/adms/Controllers/gamification/TakeGamificationQuiz.php;0;ButtonPermissionUserRepository|GamificationQuizRepository;GamificationQuizRepository;
app/adms/Controllers/gamification/UpdateGamificationQuiz.php;0;GamificationQuizRepository;GamificationQuizRepository;
app/adms/Controllers/gamification/UpdateGamificationQuizQuestion.php;0;GamificationQuizRepository;GamificationQuizRepository;
app/adms/Controllers/gamification/UpdateGamificationTimelineRule.php;0;GamificationTimelineRulesRepository;GamificationTimelineRulesRepository;
app/adms/Controllers/groupsPages/CreateGroupPage.php;0;GroupsPagesRepository;;
app/adms/Controllers/groupsPages/DeleteGroupPage.php;0;GroupsPagesRepository;;
app/adms/Controllers/groupsPages/ListGroupsPages.php;0;GroupsPagesRepository|MenuPermissionUserRepository;;
app/adms/Controllers/groupsPages/UpdateGroupPage.php;0;GroupsPagesRepository;;
app/adms/Controllers/groupsPages/ViewGroupPage.php;0;GroupsPagesRepository;;
app/adms/Controllers/informativos/AcknowledgeInformativo.php;0;InformativosRepository;InformativosRepository;
app/adms/Controllers/informativos/CreateInformativo.php;0;InformativosRepository|DepartmentsRepository;InformativosRepository;
app/adms/Controllers/informativos/DeleteInformativo.php;0;InformativosRepository;InformativosRepository;
app/adms/Controllers/informativos/ExportRelatorioInformativoExcel.php;0;InformativosRepository|ButtonPermissionUserRepository|UsersRepository;InformativosRepository;
app/adms/Controllers/informativos/ExportRelatorioInformativoPdf.php;0;InformativosRepository|ButtonPermissionUserRepository|UsersRepository;InformativosRepository;
app/adms/Controllers/informativos/ListInformativos.php;0;InformativosRepository|ButtonPermissionUserRepository|DepartmentsRepository;InformativosRepository;
app/adms/Controllers/informativos/ReadInformativo.php;0;InformativosRepository;InformativosRepository;
app/adms/Controllers/informativos/RelatorioInformativo.php;0;InformativosRepository|ButtonPermissionUserRepository|UsersRepository;InformativosRepository;
app/adms/Controllers/informativos/RemoveInformativoAnexo.php;0;InformativosRepository|ButtonPermissionUserRepository;InformativosRepository;
app/adms/Controllers/informativos/RemoveInformativoImagem.php;0;InformativosRepository|ButtonPermissionUserRepository;InformativosRepository;
app/adms/Controllers/informativos/UpdateInformativo.php;0;InformativosRepository|DepartmentsRepository;InformativosRepository;
app/adms/Controllers/informativos/ViewInformativo.php;0;InformativosRepository;InformativosRepository;
app/adms/Controllers/inventory/CreateInventoryAdjust.php;0;InvStocksRepository|InvItemsRepository|InvMovementsRepository;InvStocksRepository|InvItemsRepository|InvMovementsRepository;
app/adms/Controllers/inventory/CreateInventoryCategory.php;0;InvCategoriesRepository;InvCategoriesRepository;
app/adms/Controllers/inventory/CreateInventoryEntry.php;0;InvStocksRepository|InvItemsRepository|InvMovementsRepository;InvStocksRepository|InvItemsRepository|InvMovementsRepository;
app/adms/Controllers/inventory/CreateInventoryExit.php;0;InvStocksRepository|InvItemsRepository|InvMovementsRepository;InvStocksRepository|InvItemsRepository|InvMovementsRepository;
app/adms/Controllers/inventory/CreateInventoryItem.php;0;InvUnitsRepository|InvCategoriesRepository|InvItemsRepository;InvUnitsRepository|InvCategoriesRepository|InvItemsRepository;
app/adms/Controllers/inventory/CreateInventoryOperation.php;0;InvOperationsRepository;InvOperationsRepository;
app/adms/Controllers/inventory/CreateInventoryPosition.php;0;InvStocksRepository|InvPositionsRepository;InvStocksRepository|InvPositionsRepository;
app/adms/Controllers/inventory/CreateInventoryStock.php;0;InvStocksRepository;InvStocksRepository;
app/adms/Controllers/inventory/CreateInventoryTransfer.php;0;InvStocksRepository|InvItemsRepository|InvMovementsRepository;InvStocksRepository|InvItemsRepository|InvMovementsRepository;
app/adms/Controllers/inventory/CreateInventoryUnit.php;0;InvUnitsRepository;InvUnitsRepository;
app/adms/Controllers/inventory/DeleteInventoryCategory.php;0;InvCategoriesRepository;InvCategoriesRepository;
app/adms/Controllers/inventory/DeleteInventoryItem.php;0;InvItemsRepository;InvItemsRepository;
app/adms/Controllers/inventory/DeleteInventoryOperation.php;0;InvOperationsRepository;InvOperationsRepository;
app/adms/Controllers/inventory/DeleteInventoryPosition.php;0;InvPositionsRepository;InvPositionsRepository;
app/adms/Controllers/inventory/DeleteInventoryStock.php;0;InvStocksRepository;InvStocksRepository;
app/adms/Controllers/inventory/DeleteInventoryUnit.php;0;InvUnitsRepository;InvUnitsRepository;
app/adms/Controllers/inventory/ExportInventoryBalanceCsv.php;0;InvBalancesRepository;InvBalancesRepository;
app/adms/Controllers/inventory/ExportInventoryHistoryCsv.php;0;InvMovementsRepository;InvMovementsRepository;
app/adms/Controllers/inventory/InventoryAjaxPositions.php;0;InvPositionsRepository|InvBalancesRepository;InvPositionsRepository|InvBalancesRepository;
app/adms/Controllers/inventory/ListInventoryCategories.php;0;InvCategoriesRepository;InvCategoriesRepository;
app/adms/Controllers/inventory/ListInventoryItems.php;0;InvItemsRepository;InvItemsRepository;
app/adms/Controllers/inventory/ListInventoryOperations.php;0;InvOperationsRepository;InvOperationsRepository;
app/adms/Controllers/inventory/ListInventoryPositions.php;0;InvPositionsRepository|InvStocksRepository;InvPositionsRepository|InvStocksRepository;
app/adms/Controllers/inventory/ListInventoryStocks.php;0;InvStocksRepository;InvStocksRepository;
app/adms/Controllers/inventory/ListInventoryUnits.php;0;InvUnitsRepository;InvUnitsRepository;
app/adms/Controllers/inventory/ReportInventoryBalance.php;0;InvBalancesRepository|InvItemsRepository|InvStocksRepository|InvPositionsRepository;InvBalancesRepository|InvItemsRepository|InvStocksRepository|InvPositionsRepository;
app/adms/Controllers/inventory/ReportInventoryHistory.php;0;InvMovementsRepository|InvItemsRepository|InvStocksRepository;InvMovementsRepository|InvItemsRepository|InvStocksRepository;
app/adms/Controllers/inventory/UpdateInventoryCategory.php;0;InvCategoriesRepository;InvCategoriesRepository;
app/adms/Controllers/inventory/UpdateInventoryItem.php;0;InvItemsRepository|InvUnitsRepository|InvCategoriesRepository|InvOperationsRepository|InvItemBomRepository|InvItemOperationsRepository;InvItemsRepository|InvUnitsRepository|InvCategoriesRepository|InvOperationsRepository|InvItemBomRepository|InvItemOperationsRepository;
app/adms/Controllers/inventory/UpdateInventoryOperation.php;0;InvOperationsRepository;InvOperationsRepository;
app/adms/Controllers/inventory/UpdateInventoryPosition.php;0;InvPositionsRepository|InvStocksRepository;InvPositionsRepository|InvStocksRepository;
app/adms/Controllers/inventory/UpdateInventoryStock.php;0;InvStocksRepository;InvStocksRepository;
app/adms/Controllers/inventory/UpdateInventoryUnit.php;0;InvUnitsRepository;InvUnitsRepository;
app/adms/Controllers/inventory/ViewInventoryItem.php;0;InvItemsRepository|InvBalancesRepository|InvMovementsRepository;InvItemsRepository|InvBalancesRepository|InvMovementsRepository;
app/adms/Controllers/lgpd/LgpdAipd.php;0;LgpdAipdRepository|DepartmentsRepository|LgpdRopaRepository|LgpdDataGroupsRepository|UsersRepository;;
app/adms/Controllers/lgpd/LgpdAipdCreate.php;0;LgpdAipdRepository|DepartmentsRepository|LgpdRopaRepository|LgpdDataGroupsRepository|UsersRepository;;
app/adms/Controllers/lgpd/LgpdAipdDelete.php;0;LgpdAipdRepository;;
app/adms/Controllers/lgpd/LgpdAipdEdit.php;0;LgpdAipdRepository|DepartmentsRepository|LgpdRopaRepository|LgpdDataGroupsRepository|UsersRepository;;
app/adms/Controllers/lgpd/LgpdAipdQuestionnaire.php;0;LgpdRopaRepository|LgpdDataGroupsRepository;;
app/adms/Controllers/lgpd/LgpdAipdSuggest.php;0;LgpdRopaRepository;;
app/adms/Controllers/lgpd/LgpdAipdTemplateEcommerce.php;0;LgpdAipdRepository|DepartmentsRepository|LgpdRopaRepository|UsersRepository;;
app/adms/Controllers/lgpd/LgpdAipdTemplateEducacao.php;0;LgpdAipdRepository|DepartmentsRepository|LgpdRopaRepository|UsersRepository;;
app/adms/Controllers/lgpd/LgpdAipdTemplateFinanceiro.php;0;LgpdAipdRepository|DepartmentsRepository|LgpdRopaRepository|LgpdDataGroupsRepository|UsersRepository;;
app/adms/Controllers/lgpd/LgpdAipdTemplateJuridico.php;0;LgpdRopaRepository|DepartmentsRepository|UsersRepository|LgpdAipdRepository;;
app/adms/Controllers/lgpd/LgpdAipdTemplateLogistica.php;0;LgpdRopaRepository|DepartmentsRepository|UsersRepository|LgpdAipdRepository;;
app/adms/Controllers/lgpd/LgpdAipdTemplateMarketing.php;0;LgpdAipdRepository|DepartmentsRepository|LgpdRopaRepository|UsersRepository;;
app/adms/Controllers/lgpd/LgpdAipdTemplateRh.php;0;LgpdAipdRepository|DepartmentsRepository|LgpdRopaRepository|UsersRepository;;
app/adms/Controllers/lgpd/LgpdAipdTemplateSaude.php;0;LgpdAipdRepository|DepartmentsRepository|LgpdRopaRepository|LgpdDataGroupsRepository|UsersRepository;;
app/adms/Controllers/lgpd/LgpdAipdTemplateTelecom.php;0;LgpdRopaRepository|DepartmentsRepository|UsersRepository|LgpdAipdRepository;;
app/adms/Controllers/lgpd/LgpdAipdView.php;0;LgpdAipdRepository;;
app/adms/Controllers/lgpd/LgpdBasesLegais.php;0;LgpdBasesLegaisRepository;;
app/adms/Controllers/lgpd/LgpdBasesLegaisCreate.php;0;LgpdBasesLegaisRepository;;
app/adms/Controllers/lgpd/LgpdBasesLegaisDelete.php;0;LgpdBasesLegaisRepository;;
app/adms/Controllers/lgpd/LgpdBasesLegaisEdit.php;0;LgpdBasesLegaisRepository;;
app/adms/Controllers/lgpd/LgpdBasesLegaisView.php;0;LgpdBasesLegaisRepository;;
app/adms/Controllers/lgpd/LgpdCategoriasTitulares.php;0;LgpdCategoriasTitularesRepository;;
app/adms/Controllers/lgpd/LgpdCategoriasTitularesCreate.php;0;LgpdCategoriasTitularesRepository;;
app/adms/Controllers/lgpd/LgpdCategoriasTitularesDelete.php;0;LgpdCategoriasTitularesRepository;;
app/adms/Controllers/lgpd/LgpdCategoriasTitularesEdit.php;0;LgpdCategoriasTitularesRepository;;
app/adms/Controllers/lgpd/LgpdCategoriasTitularesView.php;0;LgpdCategoriasTitularesRepository;;
app/adms/Controllers/lgpd/LgpdClassificacoesDados.php;0;LgpdClassificacoesDadosRepository|LgpdBasesLegaisRepository;;
app/adms/Controllers/lgpd/LgpdClassificacoesDadosCreate.php;0;LgpdClassificacoesDadosRepository|LgpdBasesLegaisRepository;;
app/adms/Controllers/lgpd/LgpdClassificacoesDadosDelete.php;0;LgpdClassificacoesDadosRepository;;
app/adms/Controllers/lgpd/LgpdClassificacoesDadosEdit.php;0;LgpdClassificacoesDadosRepository|LgpdBasesLegaisRepository;;
app/adms/Controllers/lgpd/LgpdClassificacoesDadosView.php;0;LgpdClassificacoesDadosRepository;;
app/adms/Controllers/lgpd/LgpdConsentimentoColeta.php;0;LgpdConsentimentosRepository;;
app/adms/Controllers/lgpd/LgpdConsentimentoColetaProcessar.php;0;LgpdConsentimentosRepository;;
app/adms/Controllers/lgpd/LgpdConsentimentoEmail.php;0;LgpdConsentimentosRepository;;
app/adms/Controllers/lgpd/LgpdConsentimentoEmailProcessar.php;0;LgpdConsentimentosRepository;;
app/adms/Controllers/lgpd/LgpdConsentimentoLogin.php;0;LgpdTermosRepository|LgpdConsentimentosRepository;;
app/adms/Controllers/lgpd/LgpdConsentimentos.php;0;LgpdConsentimentosRepository;;
app/adms/Controllers/lgpd/LgpdConsentimentosCreate.php;0;LgpdConsentimentosRepository|LgpdConsentimentoArquivosRepository|LgpdTermosRepository;;
app/adms/Controllers/lgpd/LgpdConsentimentosDelete.php;0;LgpdConsentimentosRepository;;
app/adms/Controllers/lgpd/LgpdConsentimentosEdit.php;0;LgpdConsentimentosRepository;;
app/adms/Controllers/lgpd/LgpdConsentimentosRevogar.php;0;LgpdConsentimentosRepository;;
app/adms/Controllers/lgpd/LgpdConsentimentosView.php;0;LgpdConsentimentosRepository|LgpdConsentimentoArquivosRepository;;
app/adms/Controllers/lgpd/LgpdDashboard.php;0;LgpdDashboardRepository;;
app/adms/Controllers/lgpd/LgpdDataMapping.php;0;LgpdDataMappingRepository|LgpdRopaRepository|LgpdInventoryRepository;;
app/adms/Controllers/lgpd/LgpdDataMappingCreate.php;0;LgpdRopaRepository|LgpdInventoryRepository|LgpdFontesColetaRepository|LgpdDataMappingRepository;;
app/adms/Controllers/lgpd/LgpdDataMappingCreateFromRopa.php;0;LgpdRopaRepository|LgpdInventoryRepository|LgpdDataMappingRepository;;
app/adms/Controllers/lgpd/LgpdDataMappingDelete.php;0;LgpdDataMappingRepository;;
app/adms/Controllers/lgpd/LgpdDataMappingEdit.php;0;LgpdDataMappingRepository|LgpdRopaRepository|LgpdInventoryRepository|LgpdFontesColetaRepository;;
app/adms/Controllers/lgpd/LgpdDataMappingView.php;0;LgpdDataMappingRepository|LgpdFontesColetaRepository;;
app/adms/Controllers/lgpd/LgpdFinalidades.php;0;LgpdFinalidadesRepository;;
app/adms/Controllers/lgpd/LgpdFinalidadesCreate.php;0;LgpdFinalidadesRepository;;
app/adms/Controllers/lgpd/LgpdFinalidadesDelete.php;0;LgpdFinalidadesRepository;;
app/adms/Controllers/lgpd/LgpdFinalidadesEdit.php;0;LgpdFinalidadesRepository;;
app/adms/Controllers/lgpd/LgpdFinalidadesView.php;0;LgpdFinalidadesRepository;;
app/adms/Controllers/lgpd/LgpdFontesColeta.php;0;LgpdFontesColetaRepository;;
app/adms/Controllers/lgpd/LgpdInventory.php;0;LgpdInventoryRepository|DepartmentsRepository;;
app/adms/Controllers/lgpd/LgpdInventoryCreate.php;0;DepartmentsRepository|LgpdDataGroupsRepository|LgpdCategoriasTitularesRepository|LgpdInventoryRepository;;
app/adms/Controllers/lgpd/LgpdInventoryCreateNew.php;0;DepartmentsRepository|LgpdDataGroupsRepository|LgpdCategoriasTitularesRepository|LgpdInventoryRepository;;
app/adms/Controllers/lgpd/LgpdInventoryDelete.php;0;LgpdInventoryRepository;;
app/adms/Controllers/lgpd/LgpdInventoryEdit.php;0;LgpdInventoryRepository|DepartmentsRepository|LgpdDataGroupsRepository|LgpdCategoriasTitularesRepository;;
app/adms/Controllers/lgpd/LgpdInventoryView.php;0;LgpdInventoryRepository;;
app/adms/Controllers/lgpd/LgpdRipd.php;0;LgpdRipdRepository;;
app/adms/Controllers/lgpd/LgpdRipdCreate.php;0;LgpdRipdRepository|LgpdAipdRepository|UsersRepository;;
app/adms/Controllers/lgpd/LgpdRipdDashboard.php;0;LgpdRipdRepository;;
app/adms/Controllers/lgpd/LgpdRipdDelete.php;0;LgpdRipdRepository;;
app/adms/Controllers/lgpd/LgpdRipdEdit.php;0;LgpdRipdRepository|LgpdAipdRepository|UsersRepository;;
app/adms/Controllers/lgpd/LgpdRipdExportPdf.php;0;LgpdRipdRepository;;
app/adms/Controllers/lgpd/LgpdRipdExportPdfList.php;0;LgpdRipdRepository;;
app/adms/Controllers/lgpd/LgpdRipdExportPdfView.php;0;LgpdRipdRepository;;
app/adms/Controllers/lgpd/LgpdRipdView.php;0;LgpdRipdRepository;;
app/adms/Controllers/lgpd/LgpdRopa.php;0;LgpdRopaRepository|DepartmentsRepository;;
app/adms/Controllers/lgpd/LgpdRopaCreate.php;0;DepartmentsRepository|LgpdRopaRepository;;
app/adms/Controllers/lgpd/LgpdRopaCreateFromInventory.php;0;LgpdInventoryRepository|DepartmentsRepository|LgpdFinalidadesRepository|LgpdRopaRepository|LgpdDataMappingRepository;;
app/adms/Controllers/lgpd/LgpdRopaDelete.php;0;LgpdRopaRepository;;
app/adms/Controllers/lgpd/LgpdRopaEdit.php;0;LgpdRopaRepository|DepartmentsRepository;;
app/adms/Controllers/lgpd/LgpdRopaView.php;0;LgpdRopaRepository;;
app/adms/Controllers/lgpd/LgpdTermos.php;0;LgpdTermosRepository;;
app/adms/Controllers/lgpd/LgpdTermosCreate.php;0;LgpdTermosRepository;;
app/adms/Controllers/lgpd/LgpdTermosDelete.php;0;LgpdTermosRepository;;
app/adms/Controllers/lgpd/LgpdTermosEdit.php;1;LgpdTermosRepository;;
app/adms/Controllers/lgpd/LgpdTermosExportPdf.php;0;LgpdTermosRepository;;
app/adms/Controllers/lgpd/LgpdTermosNewVersion.php;1;LgpdTermosRepository;;
app/adms/Controllers/lgpd/LgpdTermosView.php;0;LgpdTermosRepository;;
app/adms/Controllers/lgpd/LgpdTia.php;0;LgpdTiaRepository;;
app/adms/Controllers/lgpd/LgpdTiaCreate.php;0;LgpdTiaRepository|DepartmentsRepository|LgpdRopaRepository|LgpdDataGroupsRepository|UsersRepository;;
app/adms/Controllers/lgpd/LgpdTiaDashboard.php;0;LgpdTiaRepository|LgpdRopaRepository|DepartmentsRepository;;
app/adms/Controllers/lgpd/LgpdTiaDelete.php;0;LgpdTiaRepository;;
app/adms/Controllers/lgpd/LgpdTiaEdit.php;0;LgpdTiaRepository|DepartmentsRepository|LgpdRopaRepository|LgpdDataGroupsRepository|UsersRepository;;
app/adms/Controllers/lgpd/LgpdTiaExportPdf.php;0;LgpdTiaRepository;;
app/adms/Controllers/lgpd/LgpdTiaExportPdfList.php;0;;;
app/adms/Controllers/lgpd/LgpdTiaExportPdfView.php;0;;;
app/adms/Controllers/lgpd/LgpdTiaTemplate.php;0;LgpdTiaRepository|DepartmentsRepository;;
app/adms/Controllers/lgpd/LgpdTiaTemplateFinanceiro.php;0;DepartmentsRepository|UsersRepository;;
app/adms/Controllers/lgpd/LgpdTiaTemplateMarketing.php;0;DepartmentsRepository|UsersRepository;;
app/adms/Controllers/lgpd/LgpdTiaTemplateRh.php;0;DepartmentsRepository|UsersRepository;;
app/adms/Controllers/lgpd/LgpdTiaTemplates.php;0;;;
app/adms/Controllers/lgpd/LgpdTiaTemplateTi.php;0;DepartmentsRepository|UsersRepository;;
app/adms/Controllers/lgpd/LgpdTiaView.php;0;LgpdTiaRepository;;
app/adms/Controllers/lgpd/LgpdTiposDados.php;0;LgpdTiposDadosRepository;;
app/adms/Controllers/lgpd/LgpdTiposDadosCreate.php;0;LgpdTiposDadosRepository;;
app/adms/Controllers/lgpd/LgpdTiposDadosDelete.php;0;LgpdTiposDadosRepository;;
app/adms/Controllers/lgpd/LgpdTiposDadosEdit.php;0;LgpdTiposDadosRepository;;
app/adms/Controllers/lgpd/LgpdTiposDadosView.php;0;LgpdTiposDadosRepository;;
app/adms/Controllers/lgpd/LgpdWorkflowReport.php;0;LgpdInventoryRepository;;
app/adms/Controllers/login/ForgotPassword.php;0;ResetPasswordRepository;ResetPasswordRepository;
app/adms/Controllers/login/Login.php;0;LogAcessosRepository|LogsRepository|LgpdTermosRepository;;
app/adms/Controllers/login/Logout.php;0;LogAcessosRepository;;
app/adms/Controllers/login/NewUser.php;0;UsersRepository;;
app/adms/Controllers/login/ResetPassword.php;0;ResetPasswordRepository;ResetPasswordRepository;
app/adms/Controllers/logs/DownloadSessionDiagnosticLogs.php;0;;;
app/adms/Controllers/logs/ExportLogAcessosExcel.php;0;LogAcessosRepository;;
app/adms/Controllers/logs/ExportLogAcessosPdf.php;0;LogAcessosRepository;;
app/adms/Controllers/logs/ExportLogCsv.php;0;LogAlteracoesRepository;;
app/adms/Controllers/logs/ExportLogExcel.php;0;LogAlteracoesRepository|LogAlteracoesDetalhesRepository;LogAlteracoesDetalhesRepository;
app/adms/Controllers/logs/ExportLogPdf.php;0;LogAlteracoesRepository|LogAlteracoesDetalhesRepository|LgpdBasesLegaisRepository;LogAlteracoesDetalhesRepository;
app/adms/Controllers/logs/ExportSlowRequestProfilesCsv.php;0;AdmsSlowRequestProfileRepository;AdmsSlowRequestProfileRepository;
app/adms/Controllers/logs/ListConnectedUsers.php;0;AdmsSessionsRepository|AdmsPasswordPolicyRepository;AdmsSessionsRepository;
app/adms/Controllers/logs/ListLogAcessos.php;0;LogAcessosRepository;;
app/adms/Controllers/logs/ListLogAlteracoes.php;0;LogAlteracoesRepository|LogAlteracoesDetalhesRepository|AccessLevelsPagesRepository|CompetencyMatrixRepository|CrmNotesRepository|CrmCustomFieldsRepository|CrmDocumentsRepository|RoomBookingSlotHoldRepository|BookingAdditionalRequestsRepository|BookingParticipantsRepository|BookingWaitlistRepository;LogAlteracoesDetalhesRepository;
app/adms/Controllers/logs/LogSettings.php;0;AdmsLogSettingsRepository|AdmsSlowRequestProfileRepository;AdmsSlowRequestProfileRepository;
app/adms/Controllers/logs/SaveLogSettings.php;0;AdmsLogSettingsRepository;;
app/adms/Controllers/logs/ViewLogAlteracao.php;0;LogAlteracoesRepository|LogAlteracoesDetalhesRepository|LogJustificativasRepository;LogAlteracoesDetalhesRepository|LogJustificativasRepository;
app/adms/Controllers/movement/DeleteMovement.php;0;FinancialMovementsRepository|PaymentsRepository;;
app/adms/Controllers/movement/DeleteMovementReceive.php;0;FinancialMovementsRepository|ReceiptsRepository;;
app/adms/Controllers/movement/EditMovement.php;0;BanksRepository|PaymentMethodsRepository|FinancialMovementsRepository;;
app/adms/Controllers/movement/EditMovementReceive.php;0;BanksRepository|PaymentMethodsRepository|FinancialMovementsRepository;;
app/adms/Controllers/notifications/ListNotifications.php;0;NotificationsRepository;NotificationsRepository;
app/adms/Controllers/notifications/MarkNotificationsRead.php;0;NotificationsRepository;NotificationsRepository;
app/adms/Controllers/notifications/Notificacoes.php;0;NotificationsRepository;NotificationsRepository;
app/adms/Controllers/packages/CreatePackage.php;0;PackagesRepository;;
app/adms/Controllers/packages/DeletePackage.php;0;PackagesRepository;;
app/adms/Controllers/packages/ListPackages.php;0;PackagesRepository|MenuPermissionUserRepository;;
app/adms/Controllers/packages/UpdatePackage.php;0;PackagesRepository;;
app/adms/Controllers/packages/ViewPackage.php;0;PackagesRepository;;
app/adms/Controllers/pages/CreatePage.php;0;PackagesRepository|GroupsPagesRepository|PagesRepository;;
app/adms/Controllers/pages/DeletePage.php;0;PagesRepository;;
app/adms/Controllers/pages/ListPages.php;0;PagesRepository|GroupsPagesRepository|MenuPermissionUserRepository;;
app/adms/Controllers/pages/UpdatePage.php;0;PagesRepository|PackagesRepository|GroupsPagesRepository;;
app/adms/Controllers/pages/ViewPage.php;0;PagesRepository;;
app/adms/Controllers/pay/CheckBusy.php;0;PaymentsRepository;;
app/adms/Controllers/pay/ClearBusyPay.php;0;PaymentsRepository;;
app/adms/Controllers/pay/CreatePay.php;0;SupplierRepository|FrequencyRepository|PaymentMethodsRepository|AccountPlanRepository|CostCentersRepository|BanksRepository|PaymentsRepository|LogsRepository;;
app/adms/Controllers/pay/DeletePay.php;0;PaymentsRepository|LogsRepository;;
app/adms/Controllers/pay/GetPaymentsStatus.php;0;PaymentsRepository;;
app/adms/Controllers/pay/Installments.php;0;InstallmentsRepository|PaymentsRepository|SupplierRepository|FrequencyRepository|PartialValuesRepository|LogsRepository;InstallmentsRepository;
app/adms/Controllers/pay/ListPartialValues.php;0;PartialValuesRepository;;
app/adms/Controllers/pay/ListPayments.php;0;PaymentsRepository;;
app/adms/Controllers/pay/Payment.php;0;PaymentsRepository|SupplierRepository|FrequencyRepository|PaymentMethodsRepository|AccountPlanRepository|CostCentersRepository|BanksRepository|LogsRepository;;
app/adms/Controllers/pay/ProcessFilePayments.php;0;PaymentsRepository;;
app/adms/Controllers/pay/UpdatePay.php;0;PaymentsRepository|SupplierRepository|FrequencyRepository|AccountPlanRepository|CostCentersRepository|LogsRepository;;
app/adms/Controllers/pay/ViewPay.php;0;PaymentsRepository|PartialValuesRepository|LogsRepository;;
app/adms/Controllers/paymentMethod/CreatePaymentMethod.php;0;PaymentMethodsRepository;;
app/adms/Controllers/paymentMethod/DeletePaymentMethod.php;0;PaymentMethodsRepository;;
app/adms/Controllers/paymentMethod/ListPaymentMethods.php;0;PaymentMethodsRepository;;
app/adms/Controllers/paymentMethod/UpdatePaymentMethod.php;0;PaymentMethodsRepository;;
app/adms/Controllers/paymentMethod/ViewPaymentMethod.php;0;PaymentMethodsRepository;;
app/adms/Controllers/performance/CompetencyMatrix.php;0;CompetenciesRepository|PositionsRepository|CompetencyMatrixRepository;;
app/adms/Controllers/performance/CreateCompetency.php;0;CompetenciesRepository;;
app/adms/Controllers/performance/CreatePerformanceFeedback.php;0;UsersRepository|PerformanceReviewsRepository|PerformanceGoalsRepository|PerformanceFeedbacksRepository;PerformanceReviewsRepository|PerformanceGoalsRepository|PerformanceFeedbacksRepository;
app/adms/Controllers/performance/CreatePerformanceGoal.php;0;UsersRepository|PerformanceGoalsRepository;PerformanceGoalsRepository;
app/adms/Controllers/performance/CreatePerformanceReview.php;0;UsersRepository|PerformanceReviewsRepository;PerformanceReviewsRepository;
app/adms/Controllers/performance/DeleteCompetency.php;0;CompetenciesRepository;;
app/adms/Controllers/performance/DeletePerformanceFeedback.php;0;PerformanceFeedbacksRepository;PerformanceFeedbacksRepository;
app/adms/Controllers/performance/DeletePerformanceGoal.php;0;PerformanceGoalsRepository;PerformanceGoalsRepository;
app/adms/Controllers/performance/DeletePerformanceReview.php;0;PerformanceReviewsRepository;PerformanceReviewsRepository;
app/adms/Controllers/performance/ExportNineBoxMatrixExcel.php;0;PerformanceReviewsRepository;PerformanceReviewsRepository;
app/adms/Controllers/performance/ExportNineBoxMatrixPdf.php;0;PerformanceReviewsRepository;PerformanceReviewsRepository;
app/adms/Controllers/performance/ListCompetencies.php;0;CompetenciesRepository;;
app/adms/Controllers/performance/ListPerformanceFeedbacks.php;0;PerformanceFeedbacksRepository|UsersRepository;PerformanceFeedbacksRepository;
app/adms/Controllers/performance/ListPerformanceGoals.php;0;PerformanceGoalsRepository|UsersRepository;PerformanceGoalsRepository;
app/adms/Controllers/performance/ListPerformanceReviews.php;0;PerformanceReviewsRepository;PerformanceReviewsRepository;
app/adms/Controllers/performance/NineBoxMatrix.php;0;PerformanceReviewsRepository|DepartmentsRepository|PositionsRepository;PerformanceReviewsRepository;
app/adms/Controllers/performance/PerformanceDashboard.php;0;PerformanceReviewsRepository|CompetenciesRepository;PerformanceReviewsRepository;
app/adms/Controllers/performance/RecordReviewResults.php;0;PerformanceReviewsRepository|PerformanceCompetenciesRepository|CompetenciesRepository|PerformanceGoalsRepository;PerformanceReviewsRepository|PerformanceCompetenciesRepository|PerformanceGoalsRepository;
app/adms/Controllers/performance/UpdateCompetency.php;0;CompetenciesRepository;;
app/adms/Controllers/performance/UpdatePerformanceFeedback.php;0;PerformanceFeedbacksRepository|PerformanceReviewsRepository|PerformanceGoalsRepository;PerformanceFeedbacksRepository|PerformanceReviewsRepository|PerformanceGoalsRepository;
app/adms/Controllers/performance/UpdatePerformanceGoal.php;0;PerformanceGoalsRepository|UsersRepository;PerformanceGoalsRepository;
app/adms/Controllers/performance/UpdatePerformanceReview.php;0;PerformanceReviewsRepository|UsersRepository;PerformanceReviewsRepository;
app/adms/Controllers/performance/ViewCompetency.php;0;CompetenciesRepository;;
app/adms/Controllers/performance/ViewPerformanceFeedback.php;0;PerformanceFeedbacksRepository;PerformanceFeedbacksRepository;
app/adms/Controllers/performance/ViewPerformanceGoal.php;0;PerformanceGoalsRepository;PerformanceGoalsRepository;
app/adms/Controllers/performance/ViewPerformanceReview.php;0;PerformanceReviewsRepository|PerformanceCompetenciesRepository|PerformanceGoalsRepository;PerformanceReviewsRepository|PerformanceCompetenciesRepository|PerformanceGoalsRepository;
app/adms/Controllers/permission/CopyAccessLevelPermissions.php;0;AccessLevelsRepository|AccessLevelsPagesRepository;;
app/adms/Controllers/permission/ExportAccessLevelPermissionsPdf.php;0;AccessLevelsRepository|PagesRepository|AccessLevelsPagesRepository|UsersAccessLevelsRepository;UsersAccessLevelsRepository;
app/adms/Controllers/permission/ListAccessLevelsPermissions.php;0;AccessLevelsRepository|AccessLevelsPagesRepository|PagesRepository;;
app/adms/Controllers/policies/AcknowledgePolicy.php;0;PoliciesRepository;;
app/adms/Controllers/policies/CreatePolicy.php;0;PoliciesRepository|DepartmentsRepository;;
app/adms/Controllers/policies/CreatePolicyCategory.php;1;PoliciesRepository;;
app/adms/Controllers/policies/DeletePolicy.php;1;PoliciesRepository;;
app/adms/Controllers/policies/DeletePolicyCategory.php;1;PoliciesRepository;;
app/adms/Controllers/policies/ExportRelatorioPolicyExcel.php;0;PoliciesRepository;;
app/adms/Controllers/policies/ExportRelatorioPolicyPdf.php;0;PoliciesRepository;;
app/adms/Controllers/policies/ListPolicies.php;0;PoliciesRepository|ButtonPermissionUserRepository|DepartmentsRepository;;
app/adms/Controllers/policies/ListPolicyCategories.php;0;PoliciesRepository;;
app/adms/Controllers/policies/ReadPolicy.php;0;PoliciesRepository;;
app/adms/Controllers/policies/RelatorioPolicy.php;0;PoliciesRepository;;
app/adms/Controllers/policies/UpdatePolicy.php;1;PoliciesRepository|DepartmentsRepository;;
app/adms/Controllers/policies/UpdatePolicyCategory.php;1;PoliciesRepository;;
app/adms/Controllers/policies/ViewPolicy.php;0;PoliciesRepository;;
app/adms/Controllers/portal/ApproveEmployeeRequestHR.php;0;EmployeeRequestsRepository;EmployeeRequestsRepository;
app/adms/Controllers/portal/ApproveEmployeeRequestManager.php;0;EmployeeRequestsRepository;EmployeeRequestsRepository;
app/adms/Controllers/portal/ConfirmPayrollDocumentDownload.php;0;EmployeePayrollDocumentsRepository|UsersRepository;EmployeePayrollDocumentsRepository;
app/adms/Controllers/portal/CreateEmployeeRequest.php;0;EmployeeRequestsRepository;EmployeeRequestsRepository;
app/adms/Controllers/portal/CreateEmployeeTicket.php;0;EmployeeTicketsRepository;EmployeeTicketsRepository;
app/adms/Controllers/portal/CreatePayrollDocumentType.php;0;PayrollDocumentTypesRepository;PayrollDocumentTypesRepository;
app/adms/Controllers/portal/CreateRequestType.php;0;RequestTypesRepository;RequestTypesRepository;
app/adms/Controllers/portal/DeletePayrollDocumentType.php;0;PayrollDocumentTypesRepository;PayrollDocumentTypesRepository;
app/adms/Controllers/portal/DeleteRequestType.php;0;RequestTypesRepository;RequestTypesRepository;
app/adms/Controllers/portal/EmployeePortal.php;0;EmployeeRequestsRepository|EmployeeTicketsRepository|UsersRepository|EmploymentHistoryRepository;EmployeeRequestsRepository|EmployeeTicketsRepository|EmploymentHistoryRepository;
app/adms/Controllers/portal/ImportPayrollDocuments.php;0;EmployeePayrollDocumentsRepository|PayrollDocumentTypesRepository|ButtonPermissionUserRepository;EmployeePayrollDocumentsRepository|PayrollDocumentTypesRepository;
app/adms/Controllers/portal/ListEmployeeRequests.php;0;EmployeeRequestsRepository;EmployeeRequestsRepository;
app/adms/Controllers/portal/ListEmployeeTickets.php;0;EmployeeTicketsRepository;EmployeeTicketsRepository;
app/adms/Controllers/portal/ListPayrollDocumentTypes.php;0;PayrollDocumentTypesRepository;PayrollDocumentTypesRepository;
app/adms/Controllers/portal/ListPayrollSigningPendencies.php;0;EmployeePayrollDocumentsRepository|PayrollDocumentTypesRepository;EmployeePayrollDocumentsRepository|PayrollDocumentTypesRepository;
app/adms/Controllers/portal/ListPendingHRApprovals.php;0;EmployeeRequestsRepository;EmployeeRequestsRepository;
app/adms/Controllers/portal/ListPendingManagerApprovals.php;0;EmployeeRequestsRepository;EmployeeRequestsRepository;
app/adms/Controllers/portal/ListRequestTypes.php;0;RequestTypesRepository;RequestTypesRepository;
app/adms/Controllers/portal/MyPayrollDocuments.php;0;EmployeePayrollDocumentsRepository|PayrollDocumentTypesRepository;EmployeePayrollDocumentsRepository|PayrollDocumentTypesRepository;
app/adms/Controllers/portal/PayrollCronConfig.php;0;PayrollCronConfigRepository;;
app/adms/Controllers/portal/PayrollImportBatchAudit.php;0;EmployeePayrollDocumentsRepository|PayrollDocumentEventsRepository|PayrollDocumentTypesRepository;EmployeePayrollDocumentsRepository|PayrollDocumentEventsRepository|PayrollDocumentTypesRepository;
app/adms/Controllers/portal/PayrollImportBatchReport.php;0;EmployeePayrollDocumentsRepository|PayrollDocumentEventsRepository|NotificationsRepository|PayrollDocumentTypesRepository;EmployeePayrollDocumentsRepository|PayrollDocumentEventsRepository|NotificationsRepository|PayrollDocumentTypesRepository;
app/adms/Controllers/portal/PayrollRemindersCron.php;0;PayrollCronConfigRepository;;
app/adms/Controllers/portal/PayrollSignatureReceipt.php;0;EmployeePayrollDocumentsRepository|UsersRepository;EmployeePayrollDocumentsRepository;
app/adms/Controllers/portal/PendingApprovals.php;0;EmployeeRequestsRepository|UsersRepository;EmployeeRequestsRepository;
app/adms/Controllers/portal/SignPayrollDocument.php;0;EmployeePayrollDocumentsRepository|PayrollDocumentEventsRepository|PayrollDocumentOtpRepository|UsersRepository;EmployeePayrollDocumentsRepository|PayrollDocumentEventsRepository|PayrollDocumentOtpRepository;
app/adms/Controllers/portal/UpdateEmployeeRequest.php;0;EmployeeRequestsRepository|RequestTypesRepository;EmployeeRequestsRepository|RequestTypesRepository;
app/adms/Controllers/portal/UpdatePayrollDocumentType.php;0;PayrollDocumentTypesRepository;PayrollDocumentTypesRepository;
app/adms/Controllers/portal/UpdateRequestType.php;0;RequestTypesRepository;RequestTypesRepository;
app/adms/Controllers/portal/ViewEmployeeRequest.php;0;EmployeeRequestsRepository;EmployeeRequestsRepository;
app/adms/Controllers/portal/ViewEmployeeTicket.php;0;EmployeeTicketsRepository;EmployeeTicketsRepository;
app/adms/Controllers/portal/ViewPayrollDocument.php;0;EmployeePayrollDocumentsRepository|PayrollDocumentEventsRepository;EmployeePayrollDocumentsRepository|PayrollDocumentEventsRepository;
app/adms/Controllers/portal/ViewPayrollSignedBundle.php;0;EmployeePayrollDocumentsRepository|ButtonPermissionUserRepository;EmployeePayrollDocumentsRepository;
app/adms/Controllers/positions/CreatePosition.php;0;PositionsRepository;;
app/adms/Controllers/positions/DeletePosition.php;0;PositionsRepository;;
app/adms/Controllers/positions/ImportPositions.php;0;PositionsRepository;;
app/adms/Controllers/positions/ListPositions.php;0;PositionsRepository|MenuPermissionUserRepository;;
app/adms/Controllers/positions/UpdatePosition.php;0;PositionsRepository;;
app/adms/Controllers/positions/ViewPosition.php;0;PositionsRepository;;
app/adms/Controllers/projects/CreateProject.php;0;UsersRepository|ProjProjectsRepository;ProjProjectsRepository;
app/adms/Controllers/projects/CreateProjectStage.php;0;ProjStagesRepository;ProjStagesRepository;
app/adms/Controllers/projects/CreateStageGroup.php;1;ProjStageGroupsRepository;ProjStageGroupsRepository;
app/adms/Controllers/projects/DeleteProject.php;1;ProjProjectsRepository|ProjProjectStagesRepository;ProjProjectsRepository|ProjProjectStagesRepository;
app/adms/Controllers/projects/DeleteProjectStage.php;0;ProjStagesRepository;ProjStagesRepository;
app/adms/Controllers/projects/DeleteStageGroup.php;1;ProjStageGroupsRepository;ProjStageGroupsRepository;
app/adms/Controllers/projects/ListProjects.php;0;ProjProjectsRepository;ProjProjectsRepository;
app/adms/Controllers/projects/ListProjectStages.php;0;ProjStagesRepository;ProjStagesRepository;
app/adms/Controllers/projects/ListStageGroups.php;0;ProjStageGroupsRepository;ProjStageGroupsRepository;
app/adms/Controllers/projects/ProjectPartnerLookup.php;0;CustomerRepository|SupplierRepository;;
app/adms/Controllers/projects/UpdateProject.php;0;NotificationsRepository|ProjProjectsRepository|UsersRepository|ProjCommentsRepository|UsersAccessLevelsRepository|ProjProjectStagesRepository|ProjStagesRepository|ProjStageGroupsRepository;NotificationsRepository|ProjProjectsRepository|ProjCommentsRepository|UsersAccessLevelsRepository|ProjProjectStagesRepository|ProjStagesRepository|ProjStageGroupsRepository;
app/adms/Controllers/projects/UpdateProjectStage.php;0;ProjStagesRepository;ProjStagesRepository;
app/adms/Controllers/projects/UpdateStageGroup.php;1;ProjStageGroupsRepository|ProjStagesRepository;ProjStageGroupsRepository|ProjStagesRepository;
app/adms/Controllers/receive/CheckBusyReceive.php;0;ReceiptsRepository;;
app/adms/Controllers/receive/ClearBusyReceive.php;0;ReceiptsRepository;;
app/adms/Controllers/receive/CreateReceive.php;0;CustomerRepository|FrequencyRepository|PaymentMethodsRepository|AccountPlanRepository|CostCentersRepository|BanksRepository|ReceiptsRepository|LogsRepository;;
app/adms/Controllers/receive/DeleteReceive.php;0;ReceiptsRepository|LogsRepository;;
app/adms/Controllers/receive/GetReceiptsStatus.php;0;PaymentsRepository|ReceiptsRepository;;
app/adms/Controllers/receive/InstallmentsReceive.php;0;InstallmentsReceiveRepository|ReceiptsRepository|CustomerRepository|FrequencyRepository|PartialValuesRepository|LogsRepository;InstallmentsReceiveRepository;
app/adms/Controllers/receive/ListPartialValuesReceive.php;0;PartialValuesRepository;;
app/adms/Controllers/receive/ListReceipts.php;0;ReceiptsRepository;;
app/adms/Controllers/receive/ProcessFileReceipts.php;0;ReceiptsRepository;;
app/adms/Controllers/receive/Receive.php;0;ReceiptsRepository|CustomerRepository|FrequencyRepository|PaymentMethodsRepository|AccountPlanRepository|CostCentersRepository|BanksRepository|LogsRepository;;
app/adms/Controllers/receive/UpdateReceive.php;0;ReceiptsRepository|CustomerRepository|FrequencyRepository|AccountPlanRepository|CostCentersRepository|LogsRepository;;
app/adms/Controllers/receive/ViewReceive.php;0;ReceiptsRepository|PartialValuesRepository|LogsRepository;;
app/adms/Controllers/receive%20copy/CreateBank.php;0;;;
app/adms/Controllers/receive%20copy/ListBanks.php;0;;;
app/adms/Controllers/receive%20copy/UpdateBank.php;0;;;
app/adms/Controllers/receive%20copy/ViewBank.php;0;;;
app/adms/Controllers/reports/DeleteDynamicReport.php;0;DynamicReportsRepository;DynamicReportsRepository;
app/adms/Controllers/reports/DynamicReportBuilder.php;0;DynamicReportsRepository;DynamicReportsRepository;
app/adms/Controllers/reports/DynamicReportBuilderLocal.php;0;;;
app/adms/Controllers/reports/DynamicReportBuilderSap.php;0;;;
app/adms/Controllers/reports/ExecuteDynamicReport.php;0;DynamicReportsRepository;DynamicReportsRepository;
app/adms/Controllers/reports/ExportDynamicReportExcel.php;0;DynamicReportsRepository;DynamicReportsRepository;
app/adms/Controllers/reports/ExportDynamicReportPdf.php;0;DynamicReportsRepository;DynamicReportsRepository;
app/adms/Controllers/reports/ListDynamicReports.php;0;DynamicReportsRepository;DynamicReportsRepository;
app/adms/Controllers/reports/ListDynamicReportsSap.php;0;DynamicReportsRepository;DynamicReportsRepository;
app/adms/Controllers/reports/SalesDashboard.php;0;;;
app/adms/Controllers/reports/SalesDashboardData.php;0;;;
app/adms/Controllers/reports/SaveDynamicReport.php;0;DynamicReportsRepository;DynamicReportsRepository;
app/adms/Controllers/reports/ViewDynamicReport.php;0;DynamicReportsRepository;DynamicReportsRepository;
app/adms/Controllers/rh/RhAtualizarStatusCandidatura.php;0;RhVagasRepository;;
app/adms/Controllers/rh/RhCandidatos.php;0;RhCandidatosRepository|RhVagasRepository;;
app/adms/Controllers/rh/RhCandidatosCreate.php;0;RhCandidatosRepository;;
app/adms/Controllers/rh/RhCandidatosDelete.php;0;RhCandidatosRepository|LogAlteracoesRepository|LogJustificativasRepository;LogJustificativasRepository;
app/adms/Controllers/rh/RhCandidatosEdit.php;0;RhCandidatosRepository|LogAlteracoesRepository|LogJustificativasRepository;LogJustificativasRepository;
app/adms/Controllers/rh/RhCandidatosVagas.php;0;RhVagasRepository|RhCandidatosRepository;;
app/adms/Controllers/rh/RhCandidatosView.php;0;RhCandidatosRepository;;
app/adms/Controllers/rh/RhEntrevistas.php;0;RhEntrevistasRepository;RhEntrevistasRepository;
app/adms/Controllers/rh/RhEntrevistasCreate.php;0;RhEntrevistasRepository|RhCandidatosRepository|RhVagasRepository;RhEntrevistasRepository;
app/adms/Controllers/rh/RhEntrevistasDelete.php;0;RhEntrevistasRepository;RhEntrevistasRepository;
app/adms/Controllers/rh/RhEntrevistasEdit.php;0;RhEntrevistasRepository|RhVagasRepository|RhCandidatosRepository;RhEntrevistasRepository;
app/adms/Controllers/rh/RhEntrevistasView.php;0;RhEntrevistasRepository;RhEntrevistasRepository;
app/adms/Controllers/rh/RhKpiDashboard.php;0;RhCandidatosRepository;;
app/adms/Controllers/rh/RhVagas.php;0;RhVagasRepository;;
app/adms/Controllers/rh/RhVagasCandidatos.php;0;RhVagasRepository|RhCandidatosRepository;;
app/adms/Controllers/rh/RhVagasCreate.php;0;RhVagasRepository;;
app/adms/Controllers/rh/RhVagasDelete.php;0;RhVagasRepository|LogAlteracoesRepository|LogJustificativasRepository;LogJustificativasRepository;
app/adms/Controllers/rh/RhVagasEdit.php;0;RhVagasRepository|LogAlteracoesRepository|LogJustificativasRepository;LogJustificativasRepository;
app/adms/Controllers/rh/RhVagasPipeline.php;0;RhVagasRepository;;
app/adms/Controllers/rh/RhVagasView.php;0;RhVagasRepository;;
app/adms/Controllers/rh/RhVincularCandidatoVaga.php;0;RhVagasRepository;;
app/adms/Controllers/rooms/AdminBookingDashboard.php;0;MeetingRoomsRepository|RoomBookingsRepository;;
app/adms/Controllers/rooms/BookingReports.php;0;RoomBookingsRepository|MeetingRoomsRepository;;
app/adms/Controllers/rooms/BookingWaitlist.php;0;BookingWaitlistRepository|MeetingRoomsRepository;;
app/adms/Controllers/rooms/BookRoom.php;0;MeetingRoomsRepository|RoomBookingsRepository|UsersRepository;;
app/adms/Controllers/rooms/CancelBooking.php;0;RoomBookingsRepository;;
app/adms/Controllers/rooms/CreateBooking.php;0;MeetingRoomsRepository|UsersRepository|RoomRequestTypesRepository|RoomBookingsRepository|BookingWaitlistRepository|RoomBookingSlotHoldRepository|BookingParticipantsRepository|BookingAdditionalRequestsRepository;;
app/adms/Controllers/rooms/CreateMeetingRoom.php;0;MeetingRoomsRepository;;
app/adms/Controllers/rooms/CreateRequestType.php;0;;;
app/adms/Controllers/rooms/DeleteMeetingRoom.php;0;RoomBookingsRepository|MeetingRoomsRepository;;
app/adms/Controllers/rooms/DeleteRequestType.php;0;;;
app/adms/Controllers/rooms/ExtendBookingRecurrence.php;0;RoomBookingsRepository|MeetingRoomsRepository|BookingParticipantsRepository;;
app/adms/Controllers/rooms/ImportRoomBookings.php;0;ButtonPermissionUserRepository|MeetingRoomsRepository|RoomBookingsRepository|UsersRepository;;
app/adms/Controllers/rooms/JoinWaitlist.php;0;MeetingRoomsRepository|BookingWaitlistRepository;;
app/adms/Controllers/rooms/ListBookings.php;0;RoomBookingsRepository|MeetingRoomsRepository;;
app/adms/Controllers/rooms/ListMeetingRooms.php;0;MeetingRoomsRepository;;
app/adms/Controllers/rooms/ListRequestTypes.php;0;;;
app/adms/Controllers/rooms/MeetingBookingRsvp.php;0;BookingParticipantsRepository;;
app/adms/Controllers/rooms/RoomBookingSlotHold.php;0;RoomBookingSlotHoldRepository;;
app/adms/Controllers/rooms/RoomCalendar.php;0;MeetingRoomsRepository|RoomBookingsRepository;;
app/adms/Controllers/rooms/RoomsCalendarIntegrationSettings.php;0;RoomCalendarSettingsRepository;;
app/adms/Controllers/rooms/RoomsCreateRequestGroup.php;0;UsersRepository|RoomRequestGroupsRepository;;
app/adms/Controllers/rooms/RoomsCreateRequestType.php;0;RoomRequestGroupsRepository|RoomRequestTypesRepository;;
app/adms/Controllers/rooms/RoomsCreateServiceRequest.php;0;RoomRequestTypesRepository|UsersRepository|RoomBookingsRepository|RoomServiceRequestsRepository;;
app/adms/Controllers/rooms/RoomsDeleteRequestGroup.php;0;RoomRequestGroupsRepository;;
app/adms/Controllers/rooms/RoomsDeleteRequestType.php;0;RoomRequestTypesRepository;;
app/adms/Controllers/rooms/RoomsDeleteServiceRequest.php;0;RoomServiceRequestsRepository;;
app/adms/Controllers/rooms/RoomsListRequestGroups.php;0;RoomRequestGroupsRepository;;
app/adms/Controllers/rooms/RoomsListRequestTypes.php;0;RoomRequestTypesRepository;;
app/adms/Controllers/rooms/RoomsListServiceRequests.php;0;RoomServiceRequestsRepository|RoomRequestGroupsRepository|BookingAdditionalRequestsRepository;;
app/adms/Controllers/rooms/RoomsUpdateRequestGroup.php;0;RoomRequestGroupsRepository|UsersRepository;;
app/adms/Controllers/rooms/RoomsUpdateRequestType.php;0;RoomRequestTypesRepository|RoomRequestGroupsRepository;;
app/adms/Controllers/rooms/RoomsUpdateServiceRequest.php;0;RoomServiceRequestsRepository|RoomRequestTypesRepository|RoomRequestGroupsRepository;;
app/adms/Controllers/rooms/RoomsViewServiceRequest.php;0;RoomServiceRequestsRepository|RoomRequestGroupsRepository;;
app/adms/Controllers/rooms/UpdateBooking.php;0;RoomBookingsRepository|MeetingRoomsRepository|UsersRepository|RoomRequestTypesRepository|BookingAdditionalRequestsRepository|BookingWaitlistRepository|BookingParticipantsRepository;;
app/adms/Controllers/rooms/UpdateMeetingRoom.php;0;MeetingRoomsRepository;;
app/adms/Controllers/rooms/UpdateRequestType.php;0;;;
app/adms/Controllers/rooms/ViewBooking.php;0;RoomBookingsRepository|BookingAdditionalRequestsRepository|RoomServiceRequestsRepository;;
app/adms/Controllers/rooms/ViewMeetingRoom.php;0;MeetingRoomsRepository;;
app/adms/Controllers/serveFile/ServeFile.php;0;;;
app/adms/Controllers/session/CheckSession.php;0;AdmsSessionsRepository|LogAcessosRepository;AdmsSessionsRepository;
app/adms/Controllers/session/ExtendSession.php;0;AdmsSessionsRepository;AdmsSessionsRepository;
app/adms/Controllers/settings/AjaxPasswordPolicy.php;0;AdmsSessionsRepository|AdmsPasswordPolicyRepository;AdmsSessionsRepository;
app/adms/Controllers/settings/AjaxSimplePasswordValidate.php;0;LoginRepository;LoginRepository;
app/adms/Controllers/settings/CalendarConfig.php;0;CalendarRepository;;
app/adms/Controllers/settings/CreateEmailConfig.php;0;AdmsEmailConfigRepository;;
app/adms/Controllers/settings/EmailConfig.php;0;AdmsEmailConfigRepository;;
app/adms/Controllers/settings/ListEmailConfig.php;0;AdmsEmailConfigRepository;;
app/adms/Controllers/settings/McpApiConfig.php;0;AdmsMcpApiConfigRepository;;
app/adms/Controllers/settings/McpChatApi.php;0;ButtonPermissionUserRepository|AdmsMcpApiConfigRepository;;
app/adms/Controllers/settings/PasswordPolicy.php;0;AdmsPasswordPolicyRepository;;
app/adms/Controllers/settings/SapApiConfig.php;0;AdmsSapApiConfigRepository;;
app/adms/Controllers/settings/SaveMcpApiConfig.php;0;AdmsMcpApiConfigRepository;;
app/adms/Controllers/settings/SaveSapApiConfig.php;0;AdmsSapApiConfigRepository;;
app/adms/Controllers/settings/SaveWhatsAppConfig.php;0;AdmsWhatsAppConfigRepository;;
app/adms/Controllers/settings/TestEmailConfig.php;0;AdmsEmailConfigRepository;;
app/adms/Controllers/settings/TestSapApiConfig.php;0;AdmsSapApiConfigRepository;;
app/adms/Controllers/settings/TestWhatsAppConfig.php;0;;;
app/adms/Controllers/settings/WhatsAppConfig.php;0;AdmsWhatsAppConfigRepository;;
app/adms/Controllers/strategicIndicators/DeleteStrategicIndicator.php;0;StrategicIndicatorsRepository;StrategicIndicatorsRepository;
app/adms/Controllers/strategicIndicators/StrategicIndicatorsCreate.php;0;StrategicIndicatorsRepository|StrategicPlansRepository|UsersRepository;StrategicIndicatorsRepository|StrategicPlansRepository;
app/adms/Controllers/strategicIndicators/StrategicIndicatorsEdit.php;0;StrategicIndicatorsRepository;StrategicIndicatorsRepository;
app/adms/Controllers/strategicIndicators/StrategicIndicatorsList.php;0;StrategicIndicatorsRepository;StrategicIndicatorsRepository;
app/adms/Controllers/strategicIndicators/UpdateStrategicIndicator.php;0;StrategicIndicatorsRepository;StrategicIndicatorsRepository;
app/adms/Controllers/strategicIndicators/ViewStrategicIndicator.php;0;StrategicIndicatorsRepository;StrategicIndicatorsRepository;
app/adms/Controllers/strategicPlans/AddStrategicPlanObservation.php;0;StrategicPlanObservationsRepository;StrategicPlanObservationsRepository;
app/adms/Controllers/strategicPlans/CreateStrategicPlan.php;0;StrategicPlansRepository|UsersRepository|DepartmentsRepository;StrategicPlansRepository;
app/adms/Controllers/strategicPlans/DeleteStrategicPlan.php;0;StrategicPlansRepository;StrategicPlansRepository;
app/adms/Controllers/strategicPlans/EditStrategicPlan.php;0;StrategicPlansRepository|UsersRepository|DepartmentsRepository;StrategicPlansRepository;
app/adms/Controllers/strategicPlans/ListStrategicPlans.php;0;StrategicPlansRepository;StrategicPlansRepository;
app/adms/Controllers/strategicPlans/StrategicDashboard.php;0;StrategicPlansRepository;StrategicPlansRepository;
app/adms/Controllers/strategicPlans/UpdateStrategicPlan.php;0;StrategicPlansRepository;StrategicPlansRepository;
app/adms/Controllers/strategicPlans/ViewPlanIndicators.php;0;StrategicPlansRepository|StrategicIndicatorsRepository;StrategicPlansRepository|StrategicIndicatorsRepository;
app/adms/Controllers/strategicPlans/ViewStrategicPlan.php;0;StrategicPlansRepository;StrategicPlansRepository;
app/adms/Controllers/strategicPlans/ViewStrategicPlanObservations.php;0;StrategicPlansRepository|StrategicPlanObservationsRepository;StrategicPlansRepository|StrategicPlanObservationsRepository;
app/adms/Controllers/supplier/CreateSupplier.php;0;SupplierRepository;;
app/adms/Controllers/supplier/DeleteSupplier.php;0;SupplierRepository;;
app/adms/Controllers/supplier/ListSuppliers.php;0;PaymentsRepository|SupplierRepository;;
app/adms/Controllers/supplier/ProcessFile.php;0;SupplierRepository;;
app/adms/Controllers/supplier/UpdateSupplier.php;0;SupplierRepository;;
app/adms/Controllers/supplier/ViewSupplier.php;0;SupplierRepository;;
app/adms/Controllers/timeline/CreateTimelinePost.php;0;ButtonPermissionUserRepository|UsersRepository|TimelineRepository|NotificationsRepository;TimelineRepository|NotificationsRepository;
app/adms/Controllers/timeline/DeleteTimelinePost.php;0;TimelineRepository|ButtonPermissionUserRepository;TimelineRepository;
app/adms/Controllers/timeline/Timeline.php;0;NotificationsRepository|TimelineRepository|UsersRepository|ButtonPermissionUserRepository;NotificationsRepository|TimelineRepository;
app/adms/Controllers/timeline/TimelineComment.php;0;TimelineRepository|ButtonPermissionUserRepository|UsersRepository|NotificationsRepository;TimelineRepository|NotificationsRepository;
app/adms/Controllers/timeline/TimelineCommentLike.php;0;ButtonPermissionUserRepository|TimelineRepository|NotificationsRepository;TimelineRepository|NotificationsRepository;
app/adms/Controllers/timeline/TimelineLike.php;0;ButtonPermissionUserRepository|TimelineRepository|NotificationsRepository;TimelineRepository|NotificationsRepository;
app/adms/Controllers/timeline/TimelineMembers.php;0;UsersRepository;;
app/adms/Controllers/timeline/TimelineModerate.php;0;ButtonPermissionUserRepository|TimelineRepository;TimelineRepository;
app/adms/Controllers/timeline/TimelinePostReactions.php;0;ButtonPermissionUserRepository|TimelineRepository;TimelineRepository;
app/adms/Controllers/timeline/TimelineProfile.php;0;UsersRepository|TimelineRepository|ButtonPermissionUserRepository;TimelineRepository;
app/adms/Controllers/timeline/TimelineReport.php;0;ButtonPermissionUserRepository|TimelineRepository;TimelineRepository;
app/adms/Controllers/timeline/TimelineSearchUsers.php;0;UsersRepository;;
app/adms/Controllers/timeline/TimelineShare.php;0;;;
app/adms/Controllers/timeline/TimelineViewComments.php;0;;;
app/adms/Controllers/timeline/UpdateTimelinePost.php;0;TimelineRepository|UsersRepository|NotificationsRepository;TimelineRepository|NotificationsRepository;
app/adms/Controllers/trainings/ApplyTraining.php;0;TrainingsRepository|UsersRepository|TrainingApplicationsRepository|TrainingUsersRepository;;
app/adms/Controllers/trainings/CompletedTrainingsMatrix.php;1;TrainingUsersRepository|UsersRepository|TrainingsRepository|PagesRoutesRepository|TrainingApplicationsRepository|LoginRepository|LogAlteracoesRepository|LogJustificativasRepository;LoginRepository|LogJustificativasRepository;
app/adms/Controllers/trainings/CreateTestData.php;0;TrainingUsersRepository|TrainingsRepository|UsersRepository|TrainingApplicationsRepository;;
app/adms/Controllers/trainings/CreateTraining.php;0;UsersRepository|DepartmentsRepository|TrainingsRepository;;
app/adms/Controllers/trainings/CreateTrainingUser.php;0;UsersRepository|TrainingUsersRepository;;
app/adms/Controllers/trainings/DeleteTraining.php;0;TrainingsRepository;;
app/adms/Controllers/trainings/DeleteTrainingUserLink.php;0;TrainingsRepository|TrainingUsersRepository;;
app/adms/Controllers/trainings/EditCompletedTraining.php;0;;;
app/adms/Controllers/trainings/LinkTrainingUsers.php;0;UsersRepository|TrainingUsersRepository;;
app/adms/Controllers/trainings/ListTrainings.php;0;TrainingsRepository|DepartmentsRepository;;
app/adms/Controllers/trainings/ListTrainingStatus.php;0;TrainingUsersRepository|UsersRepository|DepartmentsRepository|PositionsRepository|TrainingsRepository;;
app/adms/Controllers/trainings/MatrixByUser.php;0;TrainingUsersRepository|UsersRepository|DepartmentsRepository|PositionsRepository|TrainingsRepository;;
app/adms/Controllers/trainings/NewTrainingVersion.php;0;TrainingsRepository;;
app/adms/Controllers/trainings/SaveTrainingUserLink.php;0;TrainingsRepository|TrainingUsersRepository;;
app/adms/Controllers/trainings/ScheduleTraining.php;0;TrainingsRepository|UsersRepository|TrainingApplicationsRepository|TrainingUsersRepository;;
app/adms/Controllers/trainings/SendNotification.php;0;;;
app/adms/Controllers/trainings/SyncTrainingLinks.php;0;UsersRepository|PositionsRepository|TrainingUsersRepository;;
app/adms/Controllers/trainings/TestNotification.php;0;;;
app/adms/Controllers/trainings/TrainingDashboard.php;0;TrainingUsersRepository|TrainingApplicationsRepository|TrainingsRepository|UsersRepository|DepartmentsRepository|PositionsRepository;;
app/adms/Controllers/trainings/TrainingHistory.php;0;TrainingApplicationsRepository|TrainingUsersRepository|UsersRepository|TrainingsRepository;;
app/adms/Controllers/trainings/TrainingKpiDashboard.php;0;TrainingUsersRepository|TrainingApplicationsRepository|TrainingsRepository|UsersRepository|DepartmentsRepository|PositionsRepository;;
app/adms/Controllers/trainings/TrainingMatrixManager.php;0;UsersRepository|PositionsRepository|TrainingsRepository|TrainingUsersRepository;;
app/adms/Controllers/trainings/TrainingMatrixService.php;0;UsersRepository|TrainingPositionsRepository|TrainingUsersRepository|TrainingsRepository;;
app/adms/Controllers/trainings/TrainingNotificationService.php;0;TrainingUsersRepository|UsersRepository|TrainingsRepository;;
app/adms/Controllers/trainings/TrainingPositions.php;0;TrainingsRepository|TrainingPositionsRepository|PositionsRepository;;
app/adms/Controllers/trainings/TrainingVersionAudit.php;0;TrainingsRepository;;
app/adms/Controllers/trainings/UpdateTraining.php;0;TrainingsRepository|DepartmentsRepository|UsersRepository;;
app/adms/Controllers/trainings/UpdateTrainingMatrix.php;0;;;
app/adms/Controllers/trainings/ViewTraining.php;0;TrainingsRepository|TrainingPositionsRepository|TrainingUsersRepository|PositionsRepository;;
app/adms/Controllers/trainings/ViewTrainingHistory.php;0;TrainingsRepository|UsersRepository|TrainingUsersRepository|TrainingApplicationsRepository;;
app/adms/Controllers/users/CreateUser.php;0;DepartmentsRepository|PositionsRepository|UsersRepository|WorkShiftsRepository;;
app/adms/Controllers/users/DeleteUser.php;0;UsersRepository|TrainingUsersRepository;;
app/adms/Controllers/users/DeleteUserImage.php;0;UsersRepository|UserImageRepository;UserImageRepository;
app/adms/Controllers/users/ExportUsersExcel.php;0;UsersRepository;;
app/adms/Controllers/users/ExportUsersPdf.php;0;UsersRepository;;
app/adms/Controllers/users/ForcePasswordChange.php;0;UsersRepository|AdmsPasswordPolicyRepository|LgpdTermosRepository;;
app/adms/Controllers/users/ImportUsers.php;0;UsersRepository;;
app/adms/Controllers/users/ListUsers.php;0;UsersRepository|WorkShiftsRepository;;
app/adms/Controllers/users/MyCalendar.php;0;UserCalendarRepository;;
app/adms/Controllers/users/OrganizationChart.php;0;UsersRepository;;
app/adms/Controllers/users/Profile.php;0;UsersRepository;;
app/adms/Controllers/users/UpdateEmploymentHistory.php;0;EmploymentHistoryRepository|UsersRepository;EmploymentHistoryRepository;
app/adms/Controllers/users/UpdatePassword.php;0;UsersRepository;;
app/adms/Controllers/users/UpdatePasswordUser.php;0;UsersRepository;;
app/adms/Controllers/users/UpdateUser.php;0;UsersRepository|DepartmentsRepository|PositionsRepository|WorkShiftsRepository;;
app/adms/Controllers/users/UpdateUserImage.php;0;UserImageRepository;UserImageRepository;
app/adms/Controllers/users/UpdateUserImageOnly.php;0;UserImageRepository;UserImageRepository;
app/adms/Controllers/users/ViewUser.php;0;UsersRepository|UsersAccessLevelsRepository|UsersDepartmentsRepository|EmploymentHistoryRepository;UsersAccessLevelsRepository|EmploymentHistoryRepository;
app/adms/Controllers/workShifts/CreateWorkShift.php;0;WorkShiftsRepository;;
app/adms/Controllers/workShifts/DeleteWorkShift.php;0;WorkShiftsRepository;;
app/adms/Controllers/workShifts/ListWorkShifts.php;0;WorkShiftsRepository;;
app/adms/Controllers/workShifts/UpdateWorkShift.php;0;WorkShiftsRepository;;
app/adms/Controllers/workShifts/ViewWorkShift.php;0;WorkShiftsRepository;;
