erp_code;description;is_pa;inv_item_id;batches;mp_lines;mae_lines;hh_per_batch;hm_per_batch;power_kw_route;production_line;energy_class;complexity;driver_6;share_criterion_6_pct;pendencias;edit_url
40500055;"ACIDO HIALURONICO 65MG FR X 30 CAPSULAS";SIM;4285;1;5;6;0.0450;0.0233;0;;;media;110.0000;1.4077;sem_linha|sem_classe_energia;http://localhost/administrativo/update-inventory-item/4285
40500069;"ACIDO HIALURONICO FR X 30 CAPSULAS SCAVONE";SIM;765;2;0;0;0;0;0;;;media;0.0000;0.0000;sem_bom_mp_mae|sem_rota_hh_hm|sem_linha|sem_classe_energia|driver_6_zero;http://localhost/administrativo/update-inventory-item/765
43000123;"ANIMATIV CAFEINA FR X 60 COMP";SIM;3703;1;0;0;0;0;0;;;media;0.0000;0.0000;sem_bom_mp_mae|sem_rota_hh_hm|sem_linha|sem_classe_energia|driver_6_zero;http://localhost/administrativo/update-inventory-item/3703
43000122;"ANIMATIV PROBIOTICO NFCM CT BL AL PLAST X 7";SIM;4145;1;0;0;0;0;0;;;media;0.0000;0.0000;sem_bom_mp_mae|sem_rota_hh_hm|sem_linha|sem_classe_energia|driver_6_zero;http://localhost/administrativo/update-inventory-item/4145
43000001;"ARTROGEN DUO UCII 11 G PO CT SACHE LAM X 30";SIM;4045;56;10;4;0.0312;0.0100;0;;OTHER;baixa;1546.4026;19.7897;sem_linha;http://localhost/administrativo/update-inventory-item/4045
43000127;"ARTROGEN MSM UCII PO SCH X 2";SIM;3748;6;8;3;0.0276;0.0080;0;;;media;660.0000;8.4462;sem_linha|sem_classe_energia;http://localhost/administrativo/update-inventory-item/3748
43000129;"ARTROGEN MSM UCII PO SCH X 30";SIM;3760;10;8;4;0.0360;0.0100;0;;;media;1200.0000;15.3567;sem_linha|sem_classe_energia;http://localhost/administrativo/update-inventory-item/3760
43000045;"ARTROGEN PLUS D PO SCH X 2";SIM;;9;0;0;0;0;0;;;;0.0000;0.0000;sem_cadastro|driver_6_zero;
43000046;"ARTROGEN PLUS D PO SCH X 30";SIM;;28;0;0;0;0;0;;;;0.0000;0.0000;sem_cadastro|driver_6_zero;
41000118;"BETA GLUCANA PLUS 250 MG FR X 60 CAPSULAS SOFTGEL";SIM;4349;3;0;0;0;0;0;;;media;0.0000;0.0000;sem_bom_mp_mae|sem_rota_hh_hm|sem_linha|sem_classe_energia|driver_6_zero;http://localhost/administrativo/update-inventory-item/4349
43000067;"BIO GG CT BL AL PLAST X 2 AG";SIM;2890;3;0;0;0;0;0;;;media;0.0000;0.0000;sem_bom_mp_mae|sem_rota_hh_hm|sem_linha|sem_classe_energia|driver_6_zero;http://localhost/administrativo/update-inventory-item/2890
43000071;"BIO GG CT BL AL PLAST X 30";SIM;2926;3;0;0;0;0;0;;;media;0.0000;0.0000;sem_bom_mp_mae|sem_rota_hh_hm|sem_linha|sem_classe_energia|driver_6_zero;http://localhost/administrativo/update-inventory-item/2926
43000068;"BIO GG CT BL AL PLAST X 7";SIM;2892;1;0;0;0;0;0;;;media;0.0000;0.0000;sem_bom_mp_mae|sem_rota_hh_hm|sem_linha|sem_classe_energia|driver_6_zero;http://localhost/administrativo/update-inventory-item/2892
43000072;"BIO GG STICK X 2 AG";SIM;3767;5;0;0;0;0;0;;;media;0.0000;0.0000;sem_bom_mp_mae|sem_rota_hh_hm|sem_linha|sem_classe_energia|driver_6_zero;http://localhost/administrativo/update-inventory-item/3767
43000074;"BIO GG STICK X 30 OR";SIM;4234;22;0;0;0;0;0;;;media;0.0000;0.0000;sem_bom_mp_mae|sem_rota_hh_hm|sem_linha|sem_classe_energia|driver_6_zero;http://localhost/administrativo/update-inventory-item/4234
43000073;"BIO GG STICK X 7 OR";SIM;4037;6;0;0;0;0;0;;;media;0.0000;0.0000;sem_bom_mp_mae|sem_rota_hh_hm|sem_linha|sem_classe_energia|driver_6_zero;http://localhost/administrativo/update-inventory-item/4037
43000101;"BIOFEMINA CT BL AL PLAST X 10";SIM;3056;3;0;0;0;0;0;;;media;0.0000;0.0000;sem_bom_mp_mae|sem_rota_hh_hm|sem_linha|sem_classe_energia|driver_6_zero;http://localhost/administrativo/update-inventory-item/3056
43000100;"BIOFEMINA CT BL AL PLAST X 2 AG";SIM;3041;2;0;0;0;0;0;;;media;0.0000;0.0000;sem_bom_mp_mae|sem_rota_hh_hm|sem_linha|sem_classe_energia|driver_6_zero;http://localhost/administrativo/update-inventory-item/3041
43000102;"BIOFEMINA CT BL AL PLAST X 30";SIM;3091;10;0;0;0;0;0;;;media;0.0000;0.0000;sem_bom_mp_mae|sem_rota_hh_hm|sem_linha|sem_classe_energia|driver_6_zero;http://localhost/administrativo/update-inventory-item/3091
41500025;"BIOTINA 45 MCG FR X 60 COMP";SIM;4204;4;0;0;0;0;0;;;media;0.0000;0.0000;sem_bom_mp_mae|sem_rota_hh_hm|sem_linha|sem_classe_energia|driver_6_zero;http://localhost/administrativo/update-inventory-item/4204
43000006;"CALCIO D GF 1500MG COM FR PET OPC X 60";SIM;3191;2;0;0;0;0;0;;;media;0.0000;0.0000;sem_bom_mp_mae|sem_rota_hh_hm|sem_linha|sem_classe_energia|driver_6_zero;http://localhost/administrativo/update-inventory-item/3191
41000107;"CENTROVIT A-Z FR X 60 CAPSULAS SOFTGEL";SIM;3924;3;0;0;0;0;0;;;media;0.0000;0.0000;sem_bom_mp_mae|sem_rota_hh_hm|sem_linha|sem_classe_energia|driver_6_zero;http://localhost/administrativo/update-inventory-item/3924
41000110;"CENTROVIT HAIR CAPSULAS SOFTGEL CT BL AL/PLAS X 60";SIM;4329;3;0;0;0;0;0;;;media;0.0000;0.0000;sem_bom_mp_mae|sem_rota_hh_hm|sem_linha|sem_classe_energia|driver_6_zero;http://localhost/administrativo/update-inventory-item/4329
42500012;"CHA VERDE + COLAGENO FRUTAS VERMELHAS SCAVONE";SIM;3177;7;0;0;0;0;0;;;media;0.0000;0.0000;sem_bom_mp_mae|sem_rota_hh_hm|sem_linha|sem_classe_energia|driver_6_zero;http://localhost/administrativo/update-inventory-item/3177
43000059;"CITONEURIN COMPLEXO B CP BL X 60 OR";SIM;3493;4;0;0;0;0;0;;;media;0.0000;0.0000;sem_bom_mp_mae|sem_rota_hh_hm|sem_linha|sem_classe_energia|driver_6_zero;http://localhost/administrativo/update-inventory-item/3493
43000060;"CITONEURIN COMPLEXO B CP BL X 90 OR";SIM;2784;4;0;0;0;0;0;;;media;0.0000;0.0000;sem_bom_mp_mae|sem_rota_hh_hm|sem_linha|sem_classe_energia|driver_6_zero;http://localhost/administrativo/update-inventory-item/2784
43000007;"CLORETO DE MAGNESIO GF 400MG CAP DURA FR PET OPC X 60";SIM;4061;8;0;0;0;0;0;;;media;0.0000;0.0000;sem_bom_mp_mae|sem_rota_hh_hm|sem_linha|sem_classe_energia|driver_6_zero;http://localhost/administrativo/update-inventory-item/4061
40500056;"CLORETO PA  FR  X 100 CAPSULAS";SIM;3941;3;7;7;0.0450;0.0233;0;;;media;420.0000;5.3748;sem_linha|sem_classe_energia;http://localhost/administrativo/update-inventory-item/3941
41000083;"COENZYME Q10 FR X 60 CAPSULAS SOFTGEL";SIM;3942;3;0;0;0;0;0;;;media;0.0000;0.0000;sem_bom_mp_mae|sem_rota_hh_hm|sem_linha|sem_classe_energia|driver_6_zero;http://localhost/administrativo/update-inventory-item/3942
41500042;"COLAGENO VERISOL FR X 4 COMP AG";SIM;3093;1;0;0;0;0;0;;;media;0.0000;0.0000;sem_bom_mp_mae|sem_rota_hh_hm|sem_linha|sem_classe_energia|driver_6_zero;http://localhost/administrativo/update-inventory-item/3093
41500031;"COLAGENO VERISOL FR X 90 COMP";SIM;4338;3;0;0;0;0;0;;;media;0.0000;0.0000;sem_bom_mp_mae|sem_rota_hh_hm|sem_linha|sem_classe_energia|driver_6_zero;http://localhost/administrativo/update-inventory-item/4338
41000117;"COLLAGEN II FR X 30 CAPSULAS SOFTGEL SCAVONE";SIM;2688;4;0;0;0;0;0;;;media;0.0000;0.0000;sem_bom_mp_mae|sem_rota_hh_hm|sem_linha|sem_classe_energia|driver_6_zero;http://localhost/administrativo/update-inventory-item/2688
41500023;"COMPENSS 40MG FR X 210 COMP";SIM;3979;4;0;0;0;0;0;;;media;0.0000;0.0000;sem_bom_mp_mae|sem_rota_hh_hm|sem_linha|sem_classe_energia|driver_6_zero;http://localhost/administrativo/update-inventory-item/3979
41500041;"COMPENSS 40MG FR X 60 COMP";SIM;3974;2;0;0;0;0;0;;;media;0.0000;0.0000;sem_bom_mp_mae|sem_rota_hh_hm|sem_linha|sem_classe_energia|driver_6_zero;http://localhost/administrativo/update-inventory-item/3974
40500070;"COMPENSS PLUS FR X 60 CAPSULAS";SIM;3969;1;0;0;0;0;0;;;media;0.0000;0.0000;sem_bom_mp_mae|sem_rota_hh_hm|sem_linha|sem_classe_energia|driver_6_zero;http://localhost/administrativo/update-inventory-item/3969
41500028;"COMPLEX B 250MG FR  X 60 COMP";SIM;4035;4;0;0;0;0;0;;;media;0.0000;0.0000;sem_bom_mp_mae|sem_rota_hh_hm|sem_linha|sem_classe_energia|driver_6_zero;http://localhost/administrativo/update-inventory-item/4035
43000126;"CREATINA MONOHIDRATADA - TUDO EM GRAOS";SIM;4347;1;0;0;0;0;0;;;media;0.0000;0.0000;sem_bom_mp_mae|sem_rota_hh_hm|sem_linha|sem_classe_energia|driver_6_zero;http://localhost/administrativo/update-inventory-item/4347
42500013;"CREATINA MONOHIDRATADA X 300 G POTE";SIM;2691;4;0;0;0;0;0;;;media;0.0000;0.0000;sem_bom_mp_mae|sem_rota_hh_hm|sem_linha|sem_classe_energia|driver_6_zero;http://localhost/administrativo/update-inventory-item/2691
40500060;"CURCUMA + VITAMINA D + VITAMINA C FR X 30 CAPSULAS";SIM;4339;2;7;7;0.0450;0.0233;0;;;media;280.0000;3.5832;sem_linha|sem_classe_energia;http://localhost/administrativo/update-inventory-item/4339
41000124;"ENERGY PULSE 1000 MG FR X 30 CAPSULAS SOFTGEL";SIM;4022;2;0;0;0;0;0;;;media;0.0000;0.0000;sem_bom_mp_mae|sem_rota_hh_hm|sem_linha|sem_classe_energia|driver_6_zero;http://localhost/administrativo/update-inventory-item/4022
41000127;"ENERGY PULSE 1000 MG FR X 4 CAPSULAS SOFTGEL AG";SIM;2750;1;0;0;0;0;0;;;media;0.0000;0.0000;sem_bom_mp_mae|sem_rota_hh_hm|sem_linha|sem_classe_energia|driver_6_zero;http://localhost/administrativo/update-inventory-item/2750
43000095;"ENERGY PULSE 1000 MG SCAVONE FR X 30 CAPSULAS SOFTGEL";SIM;3565;1;0;0;0;0;0;;;media;0.0000;0.0000;sem_bom_mp_mae|sem_rota_hh_hm|sem_linha|sem_classe_energia|driver_6_zero;http://localhost/administrativo/update-inventory-item/3565
40500078;"FLORA COMFORT PROBIOTICO CT BL AL PLAST X 7";SIM;88;2;0;0;0;0;0;;;media;0.0000;0.0000;sem_bom_mp_mae|sem_rota_hh_hm|sem_linha|sem_classe_energia|driver_6_zero;http://localhost/administrativo/update-inventory-item/88
43000096;"FLORABLOCK PROBIOTICO CT BL AL PLAST X 7";SIM;3574;1;0;0;0;0;0;;;media;0.0000;0.0000;sem_bom_mp_mae|sem_rota_hh_hm|sem_linha|sem_classe_energia|driver_6_zero;http://localhost/administrativo/update-inventory-item/3574
43000091;"GLUTATIONA PURAVIDA FR CT X 30 CAPSULAS";SIM;884;4;0;0;0;0;0;;;media;0.0000;0.0000;sem_bom_mp_mae|sem_rota_hh_hm|sem_linha|sem_classe_energia|driver_6_zero;http://localhost/administrativo/update-inventory-item/884
41000085;"L-TRIPTOFANO  FR  X 60 CAPSULAS SOFTGEL";SIM;2435;1;0;0;0;0;0;;;media;0.0000;0.0000;sem_bom_mp_mae|sem_rota_hh_hm|sem_linha|sem_classe_energia|driver_6_zero;http://localhost/administrativo/update-inventory-item/2435
40500075;"LARANJA MORO PLUS X FR 30 CAPSULAS";SIM;4180;2;0;0;0;0;0;;;media;0.0000;0.0000;sem_bom_mp_mae|sem_rota_hh_hm|sem_linha|sem_classe_energia|driver_6_zero;http://localhost/administrativo/update-inventory-item/4180
41000088;"LICOFORT FR X 60 CAPSULAS SOFTGEL";SIM;3203;1;0;0;0;0;0;;;media;0.0000;0.0000;sem_bom_mp_mae|sem_rota_hh_hm|sem_linha|sem_classe_energia|driver_6_zero;http://localhost/administrativo/update-inventory-item/3203
40500054;"MAGNESIO MALATO 260 MG FR X 60 CAPSULAS";SIM;647;1;5;6;0.2147;0.1700;0;;;media;110.0000;1.4077;sem_linha|sem_classe_energia;http://localhost/administrativo/update-inventory-item/647
43000099;"MAXMAG COMPLEX AG FR X 2 CAPSULAS";SIM;3625;1;0;0;0;0;0;;;media;0.0000;0.0000;sem_bom_mp_mae|sem_rota_hh_hm|sem_linha|sem_classe_energia|driver_6_zero;http://localhost/administrativo/update-inventory-item/3625
43000098;"MAXMAG COMPLEX FR X 30 CAPSULAS";SIM;3624;1;0;0;0;0;0;;;media;0.0000;0.0000;sem_bom_mp_mae|sem_rota_hh_hm|sem_linha|sem_classe_energia|driver_6_zero;http://localhost/administrativo/update-inventory-item/3624
43000090;"MEGA HAIR GF8 FR X 30 CAPSULAS SOFTGEL";SIM;3547;4;0;0;0;0;0;;;media;0.0000;0.0000;sem_bom_mp_mae|sem_rota_hh_hm|sem_linha|sem_classe_energia|driver_6_zero;http://localhost/administrativo/update-inventory-item/3547
41000091;"MELATONINA FR  X 60 CAPSULAS SOFTGEL";SIM;4193;4;0;0;0;0;0;;;media;0.0000;0.0000;sem_bom_mp_mae|sem_rota_hh_hm|sem_linha|sem_classe_energia|driver_6_zero;http://localhost/administrativo/update-inventory-item/4193
41000092;"MELATONINA FR X 120 CAPSULAS SOFTGEL";SIM;4164;5;0;0;0;0;0;;;media;0.0000;0.0000;sem_bom_mp_mae|sem_rota_hh_hm|sem_linha|sem_classe_energia|driver_6_zero;http://localhost/administrativo/update-inventory-item/4164
41000080;"MELATONINA GF8 0.21 MG 60 SOFTGEL";SIM;2428;6;0;0;0;0;0;;;media;0.0000;0.0000;sem_bom_mp_mae|sem_rota_hh_hm|sem_linha|sem_classe_energia|driver_6_zero;http://localhost/administrativo/update-inventory-item/2428
41000125;"MEMORA PLUS FR X 30 CAPSULA SOFTGEL";SIM;4343;1;0;0;0;0;0;;;media;0.0000;0.0000;sem_bom_mp_mae|sem_rota_hh_hm|sem_linha|sem_classe_energia|driver_6_zero;http://localhost/administrativo/update-inventory-item/4343
41500043;"METILB12 FR X 60 COMP MASTIGAVEIS";SIM;1375;5;0;0;0;0;0;;;media;0.0000;0.0000;sem_bom_mp_mae|sem_rota_hh_hm|sem_linha|sem_classe_energia|driver_6_zero;http://localhost/administrativo/update-inventory-item/1375
40500061;"N-ACETIL L-CISTEINA FR X 60 CAPSULAS";NAO;;4;0;0;0;0;0;;;;0.0000;0.0000;sem_cadastro|driver_6_zero;
43000092;"N-ACETILCISTEINA PURAVIDA FR CT X 60 CAPSULAS";SIM;4123;5;0;0;0;0;0;;;media;0.0000;0.0000;sem_bom_mp_mae|sem_rota_hh_hm|sem_linha|sem_classe_energia|driver_6_zero;http://localhost/administrativo/update-inventory-item/4123
41000095;"OLEO DE ALHO DES FR  X 60 CAPSULAS SOFTGEL";SIM;140;3;0;0;0;0;0;;;media;0.0000;0.0000;sem_bom_mp_mae|sem_rota_hh_hm|sem_linha|sem_classe_energia|driver_6_zero;http://localhost/administrativo/update-inventory-item/140
41000115;"OLEO DE ALHO FR X 60 CAPSULAS SOFTGEL";SIM;4125;2;0;0;0;0;0;;;media;0.0000;0.0000;sem_bom_mp_mae|sem_rota_hh_hm|sem_linha|sem_classe_energia|driver_6_zero;http://localhost/administrativo/update-inventory-item/4125
41000101;"OLEO DE CARTAMO FR X 60 CAPSULAS SOFTGEL";SIM;2563;1;0;0;0;0;0;;;media;0.0000;0.0000;sem_bom_mp_mae|sem_rota_hh_hm|sem_linha|sem_classe_energia|driver_6_zero;http://localhost/administrativo/update-inventory-item/2563
41000103;"OLEO DE LINHACA DOURADA FR X 60 CAPSULAS SOFTGEL";SIM;3663;2;0;0;0;0;0;;;media;0.0000;0.0000;sem_bom_mp_mae|sem_rota_hh_hm|sem_linha|sem_classe_energia|driver_6_zero;http://localhost/administrativo/update-inventory-item/3663
44000002;"OLEO DE MENTA 181,60MG CAP MOLE LIB RETARD BL AL PLAS";SIM;3801;3;0;0;0;0;0;;;media;0.0000;0.0000;sem_bom_mp_mae|sem_rota_hh_hm|sem_linha|sem_classe_energia|driver_6_zero;http://localhost/administrativo/update-inventory-item/3801
41000090;"OLEO DE SEMENTE DE ABOBORA + VIT E  FR X 60 CAPSULAS SOFTGEL";SIM;179;2;0;0;0;0;0;;;media;0.0000;0.0000;sem_bom_mp_mae|sem_rota_hh_hm|sem_linha|sem_classe_energia|driver_6_zero;http://localhost/administrativo/update-inventory-item/179
41000044;"OMEGA 3 1000MG CAP MOLE FR PET LAR X 210";SIM;20;4;0;4;0;0;0;;;media;160.0000;2.0476;sem_rota_hh_hm|sem_linha|sem_classe_energia;http://localhost/administrativo/update-inventory-item/20
41000104;"OMEGA 3 FR X 120 CAPSULAS SOFTGEL";SIM;1452;3;0;0;0;0;0;;;media;0.0000;0.0000;sem_bom_mp_mae|sem_rota_hh_hm|sem_linha|sem_classe_energia|driver_6_zero;http://localhost/administrativo/update-inventory-item/1452
41000105;"OMEGA 3 FR X 60 CAPSULAS SOFTGEL";SIM;187;5;0;0;0;0;0;;;media;0.0000;0.0000;sem_bom_mp_mae|sem_rota_hh_hm|sem_linha|sem_classe_energia|driver_6_zero;http://localhost/administrativo/update-inventory-item/187
43000023;"OMEGA 3 GF 1000MG CAP MOLE FR PET OPC X 60";SIM;3229;7;0;6;0.0060;0;0;;;media;420.0000;5.3748;sem_linha|sem_classe_energia;http://localhost/administrativo/update-inventory-item/3229
41000119;"OMEGA 3 ULTRA DHA FR X 60 CAPSULAS SOFTGEL";SIM;199;3;0;0;0;0;0;;;media;0.0000;0.0000;sem_bom_mp_mae|sem_rota_hh_hm|sem_linha|sem_classe_energia|driver_6_zero;http://localhost/administrativo/update-inventory-item/199
41000052;"OMEGA PLUS 1250MG CAP MOLE FR PET LAR X 210";SIM;43;4;0;0;0;0;0;;;media;0.0000;0.0000;sem_bom_mp_mae|sem_rota_hh_hm|sem_linha|sem_classe_energia|driver_6_zero;http://localhost/administrativo/update-inventory-item/43
41000098;"OMEGA PLUS 3,6,9 FR  X 60 CAPSULAS SOFTGEL";SIM;206;2;0;0;0;0;0;;;media;0.0000;0.0000;sem_bom_mp_mae|sem_rota_hh_hm|sem_linha|sem_classe_energia|driver_6_zero;http://localhost/administrativo/update-inventory-item/206
43000119;"PANT FORT CT BL X 04 CAPSULAS SOFTGEL";SIM;1550;1;0;0;0;0;0;;;media;0.0000;0.0000;sem_bom_mp_mae|sem_rota_hh_hm|sem_linha|sem_classe_energia|driver_6_zero;http://localhost/administrativo/update-inventory-item/1550
43000120;"PANT FORT CT BL X 60 CAPSULAS SOFTGEL";SIM;3472;4;0;0;0;0;0;;;media;0.0000;0.0000;sem_bom_mp_mae|sem_rota_hh_hm|sem_linha|sem_classe_energia|driver_6_zero;http://localhost/administrativo/update-inventory-item/3472
41500027;"PICOLINATO DE CROMO 250 MCG + VIT.E FR X 60 COMP";SIM;4352;3;0;0;0;0;0;;;media;0.0000;0.0000;sem_bom_mp_mae|sem_rota_hh_hm|sem_linha|sem_classe_energia|driver_6_zero;http://localhost/administrativo/update-inventory-item/4352
43000037;"PRESERVIT CAP MOLE CT BL AL PLAS X 60";SIM;;1;0;0;0;0;0;;;;0.0000;0.0000;sem_cadastro|driver_6_zero;
43000038;"PRETEN 11 G PO CT SACHE LAM X 2";SIM;;7;0;0;0;0;0;;;;0.0000;0.0000;sem_cadastro|driver_6_zero;
43000039;"PRETEN 11 G PO CT SACHE LAM X 30";SIM;;33;0;0;0;0;0;;;;0.0000;0.0000;sem_cadastro|driver_6_zero;
43000082;"PRIMIA L. ACIDOPHILUS NCFM 1BI CT BL AL PLAST X 10";SIM;3511;8;0;0;0;0;0;;;media;0.0000;0.0000;sem_bom_mp_mae|sem_rota_hh_hm|sem_linha|sem_classe_energia|driver_6_zero;http://localhost/administrativo/update-inventory-item/3511
43000088;"PROBIOTICO GF8 PLUS CT BL AL PLAST X 10";SIM;3544;5;0;0;0;0;0;;;media;0.0000;0.0000;sem_bom_mp_mae|sem_rota_hh_hm|sem_linha|sem_classe_energia|driver_6_zero;http://localhost/administrativo/update-inventory-item/3544
40500052;"PROBIOTICO PRODUO 10Bi - 15 CAPSULAS";SIM;4163;1;6;7;0.3092;0.0853;0;;;media;130.0000;1.6636;sem_linha|sem_classe_energia;http://localhost/administrativo/update-inventory-item/4163
43000084;"PROHN FIBRAS STICK X 02 AG";SIM;3419;11;0;0;0;0;0;;;media;0.0000;0.0000;sem_bom_mp_mae|sem_rota_hh_hm|sem_linha|sem_classe_energia|driver_6_zero;http://localhost/administrativo/update-inventory-item/3419
43000085;"PROHN FIBRAS STICK X 15 OR";SIM;2954;9;0;0;0;0;0;;;media;0.0000;0.0000;sem_bom_mp_mae|sem_rota_hh_hm|sem_linha|sem_classe_energia|driver_6_zero;http://localhost/administrativo/update-inventory-item/2954
43000086;"PROHN FIBRAS STICK X 30 OR";SIM;2989;21;0;0;0;0;0;;;media;0.0000;0.0000;sem_bom_mp_mae|sem_rota_hh_hm|sem_linha|sem_classe_energia|driver_6_zero;http://localhost/administrativo/update-inventory-item/2989
43000121;"PROIDRAT PROBIOTICO STICK GRANEL";SIM;3185;2;0;0;0;0;0;;;media;0.0000;0.0000;sem_bom_mp_mae|sem_rota_hh_hm|sem_linha|sem_classe_energia|driver_6_zero;http://localhost/administrativo/update-inventory-item/3185
43000104;"PROLIVE FEMME CT BL AL PLAST X 10";SIM;3443;4;0;0;0;0;0;;;media;0.0000;0.0000;sem_bom_mp_mae|sem_rota_hh_hm|sem_linha|sem_classe_energia|driver_6_zero;http://localhost/administrativo/update-inventory-item/3443
43000103;"PROLIVE FEMME CT BL AL PLAST X 2 AG";SIM;3426;4;0;0;0;0;0;;;media;0.0000;0.0000;sem_bom_mp_mae|sem_rota_hh_hm|sem_linha|sem_classe_energia|driver_6_zero;http://localhost/administrativo/update-inventory-item/3426
43000105;"PROLIVE FEMME CT BL AL PLAST X 30";SIM;3454;11;0;0;0;0;0;;;media;0.0000;0.0000;sem_bom_mp_mae|sem_rota_hh_hm|sem_linha|sem_classe_energia|driver_6_zero;http://localhost/administrativo/update-inventory-item/3454
43000050;"PROLIVE GG CT BL AL PLAST X 1 AG";SIM;4073;2;0;0;0;0;0;;;media;0.0000;0.0000;sem_bom_mp_mae|sem_rota_hh_hm|sem_linha|sem_classe_energia|driver_6_zero;http://localhost/administrativo/update-inventory-item/4073
43000051;"PROLIVE GG CT BL AL PLAST X 5 OR";SIM;1440;2;3;4;0.0508;0.0272;0;;;media;140.0000;1.7916;sem_linha|sem_classe_energia;http://localhost/administrativo/update-inventory-item/1440
41000084;"PROPOLIS VERDE 75MG FR X 60 CAPSULAS SOFTGEL";SIM;4031;2;0;0;0;0;0;;;media;0.0000;0.0000;sem_bom_mp_mae|sem_rota_hh_hm|sem_linha|sem_classe_energia|driver_6_zero;http://localhost/administrativo/update-inventory-item/4031
43000026;"PROTENA 620MG CAP MOLE CT BL AL PLAS X 30";SIM;;4;0;0;0;0;0;;;;0.0000;0.0000;sem_cadastro|driver_6_zero;
43000025;"PROTENA 620MG CAP MOLE CT BL AL PLAS X 60";SIM;;12;0;0;0;0;0;;;;0.0000;0.0000;sem_cadastro|driver_6_zero;
43000135;"PROTENA HIALU UCII CAP DURA CT BL X 30";SIM;3780;2;0;0;0;0;0;;;media;0.0000;0.0000;sem_bom_mp_mae|sem_rota_hh_hm|sem_linha|sem_classe_energia|driver_6_zero;http://localhost/administrativo/update-inventory-item/3780
43000133;"PROTENA HIALU UCII CAP DURA CT BL X 4";SIM;3779;2;0;0;0;0;0;;;media;0.0000;0.0000;sem_bom_mp_mae|sem_rota_hh_hm|sem_linha|sem_classe_energia|driver_6_zero;http://localhost/administrativo/update-inventory-item/3779
43000142;"PROTENA HIALU UCII CAP DURA CT BL X 60";SIM;3785;2;0;0;0;0;0;;;media;0.0000;0.0000;sem_bom_mp_mae|sem_rota_hh_hm|sem_linha|sem_classe_energia|driver_6_zero;http://localhost/administrativo/update-inventory-item/3785
43000149;"PROTENA OMEGA UCII CAP MOLE CT BL AL PLAS X 30";SIM;3794;1;0;4;0.0108;0;0;;;media;40.0000;0.5119;sem_linha|sem_classe_energia;http://localhost/administrativo/update-inventory-item/3794
43000049;"PROTENA PLUS D CAP DURA BL X 30";SIM;;2;0;0;0;0;0;;;;0.0000;0.0000;sem_cadastro|driver_6_zero;
43000047;"PROTENA PLUS D CAP DURA BL X 4";SIM;;4;0;0;0;0;0;;;;0.0000;0.0000;sem_cadastro|driver_6_zero;
43000048;"PROTENA PLUS D CAP DURA BL X 60";SIM;;10;0;0;0;0;0;;;;0.0000;0.0000;sem_cadastro|driver_6_zero;
43000063;"PROTENA PRO CAPSULAS CT BL AL/PLAST X 2 AG";SIM;;3;0;0;0;0;0;;;;0.0000;0.0000;sem_cadastro|driver_6_zero;
43000061;"PROTENA PRO CAPSULAS CT BL AL/PLAST X 30";SIM;;2;0;0;0;0;0;;;;0.0000;0.0000;sem_cadastro|driver_6_zero;
43000062;"PROTENA PRO CAPSULAS CT BL AL/PLAST X 60";SIM;;5;0;0;0;0;0;;;;0.0000;0.0000;sem_cadastro|driver_6_zero;
43000137;"PROTENA PROBIO UCII CAPSULAS CT BL X 2";SIM;3781;1;0;0;0;0;0;;;media;0.0000;0.0000;sem_bom_mp_mae|sem_rota_hh_hm|sem_linha|sem_classe_energia|driver_6_zero;http://localhost/administrativo/update-inventory-item/3781
43000138;"PROTENA PROBIO UCII CAPSULAS CT BL X 30";SIM;3782;1;0;0;0;0;0;;;media;0.0000;0.0000;sem_bom_mp_mae|sem_rota_hh_hm|sem_linha|sem_classe_energia|driver_6_zero;http://localhost/administrativo/update-inventory-item/3782
43000139;"PROTENA PROBIO UCII CAPSULAS CT BL X 60";SIM;3783;1;5;4;0.8008;0.7500;0;;;media;90.0000;1.1518;sem_linha|sem_classe_energia;http://localhost/administrativo/update-inventory-item/3783
43000131;"PROTENA TENDFLEX CT SACHE LAM X 2";SIM;3333;2;6;3;0.0276;0.0264;0;;;media;180.0000;2.3035;sem_linha|sem_classe_energia;http://localhost/administrativo/update-inventory-item/3333
43000132;"PROTENA TENDFLEX CT SACHE LAM X 30";SIM;3355;8;0;0;0;0;0;;;media;0.0000;0.0000;sem_bom_mp_mae|sem_rota_hh_hm|sem_linha|sem_classe_energia|driver_6_zero;http://localhost/administrativo/update-inventory-item/3355
43000117;"PROVANCE ATOPIC GOTAS CT FR VD X 1 AG";SIM;3097;1;0;0;0;0;0;;;media;0.0000;0.0000;sem_bom_mp_mae|sem_rota_hh_hm|sem_linha|sem_classe_energia|driver_6_zero;http://localhost/administrativo/update-inventory-item/3097
43000118;"PROVANCE ATOPIC GOTAS CT FR VD X 15 OR";SIM;3144;3;0;0;0;0;0;;;media;0.0000;0.0000;sem_bom_mp_mae|sem_rota_hh_hm|sem_linha|sem_classe_energia|driver_6_zero;http://localhost/administrativo/update-inventory-item/3144
43000056;"PROVANCE GG GOTAS CT FR VD X 1 AG";SIM;1519;8;0;0;0;0;0;;;media;0.0000;0.0000;sem_bom_mp_mae|sem_rota_hh_hm|sem_linha|sem_classe_energia|driver_6_zero;http://localhost/administrativo/update-inventory-item/1519
43000057;"PROVANCE GG GOTAS CT FR VD X 5 OR";SIM;2437;9;0;0;0;0;0;;;media;0.0000;0.0000;sem_bom_mp_mae|sem_rota_hh_hm|sem_linha|sem_classe_energia|driver_6_zero;http://localhost/administrativo/update-inventory-item/2437
41500030;"REDULAC 9.000 FCC CT BL X 60 COMP";SIM;4137;2;0;0;0;0;0;;;media;0.0000;0.0000;sem_bom_mp_mae|sem_rota_hh_hm|sem_linha|sem_classe_energia|driver_6_zero;http://localhost/administrativo/update-inventory-item/4137
41500029;"SELENIO 319,75 MCG FR X 60 COMP";SIM;1544;1;0;0;0;0;0;;;media;0.0000;0.0000;sem_bom_mp_mae|sem_rota_hh_hm|sem_linha|sem_classe_energia|driver_6_zero;http://localhost/administrativo/update-inventory-item/1544
43000064;"SEMBLE COLLAGEN ULTRA 3 G PO CT SACHE X 30";SIM;2870;14;0;0;0;0;0;;;media;0.0000;0.0000;sem_bom_mp_mae|sem_rota_hh_hm|sem_linha|sem_classe_energia|driver_6_zero;http://localhost/administrativo/update-inventory-item/2870
43000065;"SEMBLE FORT MAX CAP BL X 60 PROFUSE";SIM;3401;7;0;0;0;0;0;;;media;0.0000;0.0000;sem_bom_mp_mae|sem_rota_hh_hm|sem_linha|sem_classe_energia|driver_6_zero;http://localhost/administrativo/update-inventory-item/3401
41500035;"SUPER CAFFEINE 200 MG FR X 210 COMP";SIM;3832;3;0;0;0;0;0;;;media;0.0000;0.0000;sem_bom_mp_mae|sem_rota_hh_hm|sem_linha|sem_classe_energia|driver_6_zero;http://localhost/administrativo/update-inventory-item/3832
41500034;"SUPER CAFFEINE 200 MG FR X 60 COMP";SIM;1537;4;0;0;0;0;0;;;media;0.0000;0.0000;sem_bom_mp_mae|sem_rota_hh_hm|sem_linha|sem_classe_energia|driver_6_zero;http://localhost/administrativo/update-inventory-item/1537
43000040;"TESIFLEX CT FR PET OPC X 30";SIM;3603;2;0;0;0;0;0;;;media;0.0000;0.0000;sem_bom_mp_mae|sem_rota_hh_hm|sem_linha|sem_classe_energia|driver_6_zero;http://localhost/administrativo/update-inventory-item/3603
43000042;"TESIFLEX CT FR PET OPC X 4";SIM;3610;1;0;0;0;0;0;;;media;0.0000;0.0000;sem_bom_mp_mae|sem_rota_hh_hm|sem_linha|sem_classe_energia|driver_6_zero;http://localhost/administrativo/update-inventory-item/3610
43000044;"TESIFLEX DUO 11G PO CT SACHE LAM X 2";SIM;3617;2;0;0;0;0;0;;;media;0.0000;0.0000;sem_bom_mp_mae|sem_rota_hh_hm|sem_linha|sem_classe_energia|driver_6_zero;http://localhost/administrativo/update-inventory-item/3617
43000043;"TESIFLEX DUO 11G PO CT SACHE LAM X 30";SIM;3900;56;10;10;0.0312;0.0312;0;TERCEIRO;PROB;baixa;2197.7866;28.1256;;http://localhost/administrativo/update-inventory-item/3900
40500077;"TETRA MAGNESIO FR X 60 CAPSULAS";SIM;4141;3;0;0;0;0;0;;;media;0.0000;0.0000;sem_bom_mp_mae|sem_rota_hh_hm|sem_linha|sem_classe_energia|driver_6_zero;http://localhost/administrativo/update-inventory-item/4141
40500058;"THERMO CAPS FR X 60 CAPSULAS";SIM;4290;1;0;0;0;0;0;;;media;0.0000;0.0000;sem_bom_mp_mae|sem_rota_hh_hm|sem_linha|sem_classe_energia|driver_6_zero;http://localhost/administrativo/update-inventory-item/4290
41000116;"TIARAJU COLAGENO VIT FCO 60+10 CAPS BLAN";SIM;2595;4;0;0;0;0;0;;;media;0.0000;0.0000;sem_bom_mp_mae|sem_rota_hh_hm|sem_linha|sem_classe_energia|driver_6_zero;http://localhost/administrativo/update-inventory-item/2595
43000093;"TIARAJU SUPER CAFFEINE 420MG FR X 30 COMPR";SIM;3560;2;0;0;0;0;0;;;media;0.0000;0.0000;sem_bom_mp_mae|sem_rota_hh_hm|sem_linha|sem_classe_energia|driver_6_zero;http://localhost/administrativo/update-inventory-item/3560
43000094;"TOP FIT GF8 FR X 30 CAPSULAS";SIM;3561;4;0;0;0;0;0;;;media;0.0000;0.0000;sem_bom_mp_mae|sem_rota_hh_hm|sem_linha|sem_classe_energia|driver_6_zero;http://localhost/administrativo/update-inventory-item/3561
43000075;"VIT C PLUS NATURAL LIFE X 60 CAPSULAS";SIM;3502;1;0;0;0;0;0;;;media;0.0000;0.0000;sem_bom_mp_mae|sem_rota_hh_hm|sem_linha|sem_classe_energia|driver_6_zero;http://localhost/administrativo/update-inventory-item/3502
41000087;"VIT. A FR  X 60 CAPSULAS SOFTGEL";SIM;1542;4;0;0;0;0;0;;;media;0.0000;0.0000;sem_bom_mp_mae|sem_rota_hh_hm|sem_linha|sem_classe_energia|driver_6_zero;http://localhost/administrativo/update-inventory-item/1542
40500057;"VIT. C 250 MG FR X 60 CAPSULAS";SIM;4189;1;6;7;0.0450;0.0233;0;;;media;130.0000;1.6636;sem_linha|sem_classe_energia;http://localhost/administrativo/update-inventory-item/4189
41000089;"VIT. E 400 UI FR X 60 CAPSULAS SOFTGEL";SIM;4254;2;0;0;0;0;0;;;media;0.0000;0.0000;sem_bom_mp_mae|sem_rota_hh_hm|sem_linha|sem_classe_energia|driver_6_zero;http://localhost/administrativo/update-inventory-item/4254
41000086;"VITAL C FORT VITAMINA C E ZINCO FR X 60 CAPSULAS SOFTGEL";SIM;257;3;0;0;0;0;0;;;media;0.0000;0.0000;sem_bom_mp_mae|sem_rota_hh_hm|sem_linha|sem_classe_energia|driver_6_zero;http://localhost/administrativo/update-inventory-item/257
43000081;"VITAMIN PRO FR X 30 CAPSULAS SOFTGEL INBEAUTY";SIM;3506;1;0;0;0;0;0;;;media;0.0000;0.0000;sem_bom_mp_mae|sem_rota_hh_hm|sem_linha|sem_classe_energia|driver_6_zero;http://localhost/administrativo/update-inventory-item/3506
41500026;"VITAMINA B12 9,94 MCG FR X 60 COMP";SIM;4353;4;0;0;0;0;0;;;media;0.0000;0.0000;sem_bom_mp_mae|sem_rota_hh_hm|sem_linha|sem_classe_energia|driver_6_zero;http://localhost/administrativo/update-inventory-item/4353
41500037;"VITAMINA B12 FR X 60 COMP SCAVONE";SIM;2705;4;0;0;0;0;0;;;media;0.0000;0.0000;sem_bom_mp_mae|sem_rota_hh_hm|sem_linha|sem_classe_energia|driver_6_zero;http://localhost/administrativo/update-inventory-item/2705
43000041;"VITAMINA D 2000 UI IMPEXPHARM FR PET OPC X 60 CAPS";SIM;3608;2;0;0;0;0;0;;;media;0.0000;0.0000;sem_bom_mp_mae|sem_rota_hh_hm|sem_linha|sem_classe_energia|driver_6_zero;http://localhost/administrativo/update-inventory-item/3608
41000081;"VITAMINA D3 2.000 UI FR X 60 CAPSULAS SOFTGEL";SIM;4146;6;0;0;0;0;0;;;media;0.0000;0.0000;sem_bom_mp_mae|sem_rota_hh_hm|sem_linha|sem_classe_energia|driver_6_zero;http://localhost/administrativo/update-inventory-item/4146
41000082;"VITAMINA K2 149MCG FR X 60 CAPSULAS SOFTGEL";SIM;359;5;0;0;0;0;0;;;media;0.0000;0.0000;sem_bom_mp_mae|sem_rota_hh_hm|sem_linha|sem_classe_energia|driver_6_zero;http://localhost/administrativo/update-inventory-item/359
42000004;"VITTA D3 2000UI/GOTAS FR X 20 ML";SIM;4275;4;0;0;0;0;0;;;media;0.0000;0.0000;sem_bom_mp_mae|sem_rota_hh_hm|sem_linha|sem_classe_energia|driver_6_zero;http://localhost/administrativo/update-inventory-item/4275
41500024;"ZINCO 29,59 MG FR X 60 COMP";SIM;4197;4;0;0;0;0;0;;;media;0.0000;0.0000;sem_bom_mp_mae|sem_rota_hh_hm|sem_linha|sem_classe_energia|driver_6_zero;http://localhost/administrativo/update-inventory-item/4197
